event_code:ID(Event-ID),name,gender,sport_name,sport_code,stages,has_medalists
ARCMINDIVID,Men's Individual,M,Archery,ARC,Men's Individual 1/16 Elimination Round;Men's Individual 1/32 Elimination Round;Men's Individual 1/8 Elimination Round;Men's Individual Bronze Medal Match;Men's Individual Gold Medal Match;Men's Individual Quarterfinal;Men's Individual Ranking Round;Men's Individual Semifinal,True
ARCMTEAM3,Men's Team,M,Archery,ARC,Men's Team 1/8 Elimination Round;Men's Team Bronze Medal Match;Men's Team Gold Medal Match;Men's Team Quarterfinal;Men's Team Ranking Round;Men's Team Semifinal,True
ARCWINDIVID,Women's Individual,W,Archery,ARC,Women's Individual 1/16 Elimination Round;Women's Individual 1/32 Elimination Round;Women's Individual 1/8 Elimination Round;Women's Individual Bronze Medal Match;Women's Individual Gold Medal Match;Women's Individual Quarterfinal;Women's Individual Ranking Round;Women's Individual Semifinal,True
ARCWTEAM3,Women's Team,W,Archery,ARC,Women's Team 1/8 Elimination Round;Women's Team Bronze Medal Match;Women's Team Gold Medal Match;Women's Team Quarterfinal;Women's Team Ranking Round;Women's Team Semifinal,True
ARCXTEAM2,Mixed Team,X,Archery,ARC,Mixed Team 1/8 Elimination Round;Mixed Team Bronze Medal Match;Mixed Team Gold Medal Match;Mixed Team Quarterfinal;Mixed Team Ranking Round;Mixed Team Semifinal,True
ATHM10000M,"Men's 10,000m",M,Athletics,ATH,"Men's 10,000m Final",True
ATHM100M,Men's 100m,M,Athletics,ATH,Men's 100m Final;Men's 100m Preliminary Round - Heat 1;Men's 100m Preliminary Round - Heat 2;Men's 100m Preliminary Round - Heat 3;Men's 100m Preliminary Round - Heat 4;Men's 100m Preliminary Round - Heat 5;Men's 100m Preliminary Round - Heat 6;Men's 100m Round 1 - Heat 1;Men's 100m Round 1 - Heat 2;Men's 100m Round 1 - Heat 3;Men's 100m Round 1 - Heat 4;Men's 100m Round 1 - Heat 5;Men's 100m Round 1 - Heat 6;Men's 100m Round 1 - Heat 7;Men's 100m Round 1 - Heat 8;Men's 100m Semi-Final 1;Men's 100m Semi-Final 2;Men's 100m Semi-Final 3,True
ATHM110MHURD,Men's 110m Hurdles,M,Athletics,ATH,Men's 110m Hurdles Final;Men's 110m Hurdles Repechage - Heat 1;Men's 110m Hurdles Repechage - Heat 2;Men's 110m Hurdles Repechage - Heat 3;Men's 110m Hurdles Round 1 - Heat 1;Men's 110m Hurdles Round 1 - Heat 2;Men's 110m Hurdles Round 1 - Heat 3;Men's 110m Hurdles Round 1 - Heat 4;Men's 110m Hurdles Round 1 - Heat 5;Men's 110m Hurdles Semi-Final 1;Men's 110m Hurdles Semi-Final 2;Men's 110m Hurdles Semi-Final 3,True
ATHM1500M,Men's 1500m,M,Athletics,ATH,Men's 1500m Final;Men's 1500m Repechage - Heat 1;Men's 1500m Repechage - Heat 2;Men's 1500m Round 1 - Heat 1;Men's 1500m Round 1 - Heat 2;Men's 1500m Round 1 - Heat 3;Men's 1500m Semi-Final 1;Men's 1500m Semi-Final 2,True
ATHM200M,Men's 200m,M,Athletics,ATH,Men's 200m Final;Men's 200m Repechage - Heat 1;Men's 200m Repechage - Heat 2;Men's 200m Repechage - Heat 3;Men's 200m Repechage - Heat 4;Men's 200m Round 1 - Heat 1;Men's 200m Round 1 - Heat 2;Men's 200m Round 1 - Heat 3;Men's 200m Round 1 - Heat 4;Men's 200m Round 1 - Heat 5;Men's 200m Round 1 - Heat 6;Men's 200m Semi-Final 1;Men's 200m Semi-Final 2;Men's 200m Semi-Final 3,True
ATHM20KMWALK,Men's 20km Race Walk,M,Athletics,ATH,Men's 20km Race Walk,True
ATHM3000MST,Men's 3000m Steeplechase,M,Athletics,ATH,Men's 3000m Steeplechase Final;Men's 3000m Steeplechase Round 1 - Heat 1;Men's 3000m Steeplechase Round 1 - Heat 2;Men's 3000m Steeplechase Round 1 - Heat 3,True
ATHM400M,Men's 400m,M,Athletics,ATH,Men's 400m Final;Men's 400m Repechage - Heat 1;Men's 400m Repechage - Heat 2;Men's 400m Repechage - Heat 3;Men's 400m Repechage - Heat 4;Men's 400m Round 1 - Heat 1;Men's 400m Round 1 - Heat 2;Men's 400m Round 1 - Heat 3;Men's 400m Round 1 - Heat 4;Men's 400m Round 1 - Heat 5;Men's 400m Round 1 - Heat 6;Men's 400m Semi-Final 1;Men's 400m Semi-Final 2;Men's 400m Semi-Final 3,True
ATHM400MHURD,Men's 400m Hurdles,M,Athletics,ATH,Men's 400m Hurdles Final;Men's 400m Hurdles Repechage - Heat 1;Men's 400m Hurdles Repechage - Heat 2;Men's 400m Hurdles Repechage - Heat 3;Men's 400m Hurdles Round 1 - Heat 1;Men's 400m Hurdles Round 1 - Heat 2;Men's 400m Hurdles Round 1 - Heat 3;Men's 400m Hurdles Round 1 - Heat 4;Men's 400m Hurdles Round 1 - Heat 5;Men's 400m Hurdles Semi-Final 1;Men's 400m Hurdles Semi-Final 2;Men's 400m Hurdles Semi-Final 3,True
ATHM4X100M,Men's 4 x 100m Relay,M,Athletics,ATH,Men's 4 x 100m Relay Final;Men's 4 x 100m Relay Round 1 - Heat 1;Men's 4 x 100m Relay Round 1 - Heat 2,True
ATHM4X400M,Men's 4 x 400m Relay,M,Athletics,ATH,Men's 4 x 400m Relay Final;Men's 4 x 400m Relay Round 1 - Heat 1;Men's 4 x 400m Relay Round 1 - Heat 2,True
ATHM5000M,Men's 5000m,M,Athletics,ATH,Men's 5000m Final;Men's 5000m Round 1 - Heat 1;Men's 5000m Round 1 - Heat 2,True
ATHM800M,Men's 800m,M,Athletics,ATH,Men's 800m Final;Men's 800m Repechage - Heat 1;Men's 800m Repechage - Heat 2;Men's 800m Repechage - Heat 3;Men's 800m Repechage - Heat 4;Men's 800m Round 1 - Heat 1;Men's 800m Round 1 - Heat 2;Men's 800m Round 1 - Heat 3;Men's 800m Round 1 - Heat 4;Men's 800m Round 1 - Heat 5;Men's 800m Round 1 - Heat 6;Men's 800m Semi-Final 1;Men's 800m Semi-Final 2;Men's 800m Semi-Final 3,True
ATHMDECATH,Men's Decathlon,M,Athletics,ATH,Men's Decathlon;Men's Decathlon 100m - Heat 1;Men's Decathlon 100m - Heat 2;Men's Decathlon 100m - Heat 3;Men's Decathlon 110m Hurdles - Heat 1;Men's Decathlon 110m Hurdles - Heat 2;Men's Decathlon 110m Hurdles - Heat 3;Men's Decathlon 1500m - Heat 1;Men's Decathlon 400m - Heat 1;Men's Decathlon 400m - Heat 2;Men's Decathlon 400m - Heat 3;Men's Decathlon Discus Throw - Group A;Men's Decathlon Discus Throw - Group B;Men's Decathlon High Jump - Group A;Men's Decathlon High Jump - Group B;Men's Decathlon Javelin Throw - Group A;Men's Decathlon Javelin Throw - Group B;Men's Decathlon Long Jump - Group A;Men's Decathlon Long Jump - Group B;Men's Decathlon Pole Vault - Group A;Men's Decathlon Pole Vault - Group B;Men's Decathlon Shot Put - Group A;Men's Decathlon Shot Put - Group B,True
ATHMDISCUS,Men's Discus Throw,M,Athletics,ATH,Men's Discus Throw Final;Men's Discus Throw Qualification - Group A;Men's Discus Throw Qualification - Group B,True
ATHMHAMMER,Men's Hammer Throw,M,Athletics,ATH,Men's Hammer Throw Final;Men's Hammer Throw Qualification - Group A;Men's Hammer Throw Qualification - Group B,True
ATHMHIGHJUMP,Men's High Jump,M,Athletics,ATH,Men's High Jump Final;Men's High Jump Qualification - Group A;Men's High Jump Qualification - Group B,True
ATHMJAVELIN,Men's Javelin Throw,M,Athletics,ATH,Men's Javelin Throw Final;Men's Javelin Throw Qualification - Group A;Men's Javelin Throw Qualification - Group B,True
ATHMLONGJUMP,Men's Long Jump,M,Athletics,ATH,Men's Long Jump Final;Men's Long Jump Qualification - Group A;Men's Long Jump Qualification - Group B,True
ATHMMARATHON,Men's Marathon,M,Athletics,ATH,Men's Marathon,True
ATHMPLEVAULT,Men's Pole Vault,M,Athletics,ATH,Men's Pole Vault Final;Men's Pole Vault Qualification - Group A;Men's Pole Vault Qualification - Group B,True
ATHMSHOTPUT,Men's Shot Put,M,Athletics,ATH,Men's Shot Put Final;Men's Shot Put Qualification - Group A;Men's Shot Put Qualification - Group B,True
ATHMTRPLJUMP,Men's Triple Jump,M,Athletics,ATH,Men's Triple Jump Final;Men's Triple Jump Qualification - Group A;Men's Triple Jump Qualification - Group B,True
ATHW10000M,"Women's 10,000m",W,Athletics,ATH,"Women's 10,000m Final",True
ATHW100M,Women's 100m,W,Athletics,ATH,Women's 100m Final;Women's 100m Preliminary Round - Heat 1;Women's 100m Preliminary Round - Heat 2;Women's 100m Preliminary Round - Heat 3;Women's 100m Preliminary Round - Heat 4;Women's 100m Round 1 - Heat 1;Women's 100m Round 1 - Heat 2;Women's 100m Round 1 - Heat 3;Women's 100m Round 1 - Heat 4;Women's 100m Round 1 - Heat 5;Women's 100m Round 1 - Heat 6;Women's 100m Round 1 - Heat 7;Women's 100m Round 1 - Heat 8;Women's 100m Semi-Final 1;Women's 100m Semi-Final 2;Women's 100m Semi-Final 3,True
ATHW100MHURD,Women's 100m Hurdles,W,Athletics,ATH,Women's 100m Hurdles Final;Women's 100m Hurdles Repechage - Heat 1;Women's 100m Hurdles Repechage - Heat 2;Women's 100m Hurdles Repechage - Heat 3;Women's 100m Hurdles Round 1 - Heat 1;Women's 100m Hurdles Round 1 - Heat 2;Women's 100m Hurdles Round 1 - Heat 3;Women's 100m Hurdles Round 1 - Heat 4;Women's 100m Hurdles Round 1 - Heat 5;Women's 100m Hurdles Semi-Final 1;Women's 100m Hurdles Semi-Final 2;Women's 100m Hurdles Semi-Final 3,True
ATHW1500M,Women's 1500m,W,Athletics,ATH,Women's 1500m Final;Women's 1500m Repechage - Heat 1;Women's 1500m Repechage - Heat 2;Women's 1500m Round 1 - Heat 1;Women's 1500m Round 1 - Heat 2;Women's 1500m Round 1 - Heat 3;Women's 1500m Semi-Final 1;Women's 1500m Semi-Final 2,True
ATHW200M,Women's 200m,W,Athletics,ATH,Women's 200m Final;Women's 200m Repechage - Heat 1;Women's 200m Repechage - Heat 2;Women's 200m Repechage - Heat 3;Women's 200m Repechage - Heat 4;Women's 200m Round 1 - Heat 1;Women's 200m Round 1 - Heat 2;Women's 200m Round 1 - Heat 3;Women's 200m Round 1 - Heat 4;Women's 200m Round 1 - Heat 5;Women's 200m Round 1 - Heat 6;Women's 200m Semi-Final 1;Women's 200m Semi-Final 2;Women's 200m Semi-Final 3,True
ATHW20KMWALK,Women's 20km Race Walk,W,Athletics,ATH,Women's 20km Race Walk,True
ATHW3000MST,Women's 3000m Steeplechase,W,Athletics,ATH,Women's 3000m Steeplechase Final;Women's 3000m Steeplechase Round 1 - Heat 1;Women's 3000m Steeplechase Round 1 - Heat 2;Women's 3000m Steeplechase Round 1 - Heat 3,True
ATHW400M,Women's 400m,W,Athletics,ATH,Women's 400m Final;Women's 400m Repechage - Heat 1;Women's 400m Repechage - Heat 2;Women's 400m Repechage - Heat 3;Women's 400m Repechage - Heat 4;Women's 400m Round 1 - Heat 1;Women's 400m Round 1 - Heat 2;Women's 400m Round 1 - Heat 3;Women's 400m Round 1 - Heat 4;Women's 400m Round 1 - Heat 5;Women's 400m Round 1 - Heat 6;Women's 400m Semi-Final 1;Women's 400m Semi-Final 2;Women's 400m Semi-Final 3,True
ATHW400MHURD,Women's 400m Hurdles,W,Athletics,ATH,Women's 400m Hurdles Final;Women's 400m Hurdles Repechage - Heat 1;Women's 400m Hurdles Repechage - Heat 2;Women's 400m Hurdles Repechage - Heat 3;Women's 400m Hurdles Round 1 - Heat 1;Women's 400m Hurdles Round 1 - Heat 2;Women's 400m Hurdles Round 1 - Heat 3;Women's 400m Hurdles Round 1 - Heat 4;Women's 400m Hurdles Round 1 - Heat 5;Women's 400m Hurdles Semi-Final 1;Women's 400m Hurdles Semi-Final 2;Women's 400m Hurdles Semi-Final 3,True
ATHW4X100M,Women's 4 x 100m Relay,W,Athletics,ATH,Women's 4 x 100m Relay Final;Women's 4 x 100m Relay Round 1 - Heat 1;Women's 4 x 100m Relay Round 1 - Heat 2,True
ATHW4X400M,Women's 4 x 400m Relay,W,Athletics,ATH,Women's 4 x 400m Relay Final;Women's 4 x 400m Relay Round 1 - Heat 1;Women's 4 x 400m Relay Round 1 - Heat 2,True
ATHW5000M,Women's 5000m,W,Athletics,ATH,Women's 5000m Final;Women's 5000m Round 1 - Heat 1;Women's 5000m Round 1 - Heat 2,True
ATHW800M,Women's 800m,W,Athletics,ATH,Women's 800m Final;Women's 800m Repechage - Heat 1;Women's 800m Repechage - Heat 2;Women's 800m Repechage - Heat 3;Women's 800m Repechage - Heat 4;Women's 800m Round 1 - Heat 1;Women's 800m Round 1 - Heat 2;Women's 800m Round 1 - Heat 3;Women's 800m Round 1 - Heat 4;Women's 800m Round 1 - Heat 5;Women's 800m Round 1 - Heat 6;Women's 800m Semi-Final 1;Women's 800m Semi-Final 2;Women's 800m Semi-Final 3,True
ATHWDISCUS,Women's Discus Throw,W,Athletics,ATH,Women's Discus Throw Final;Women's Discus Throw Qualification - Group A;Women's Discus Throw Qualification - Group B,True
ATHWHAMMER,Women's Hammer Throw,W,Athletics,ATH,Women's Hammer Throw Final;Women's Hammer Throw Qualification - Group A;Women's Hammer Throw Qualification - Group B,True
ATHWHEPTATH,Women's Heptathlon,W,Athletics,ATH,Women's Heptathlon;Women's Heptathlon 100m Hurdles - Heat 1;Women's Heptathlon 100m Hurdles - Heat 2;Women's Heptathlon 100m Hurdles - Heat 3;Women's Heptathlon 200m - Heat 1;Women's Heptathlon 200m - Heat 2;Women's Heptathlon 200m - Heat 3;Women's Heptathlon 800m - Heat 1;Women's Heptathlon 800m - Heat 2;Women's Heptathlon High Jump - Group A;Women's Heptathlon High Jump - Group B;Women's Heptathlon Javelin Throw - Group A;Women's Heptathlon Javelin Throw - Group B;Women's Heptathlon Long Jump - Group A;Women's Heptathlon Long Jump - Group B;Women's Heptathlon Shot Put - Group A;Women's Heptathlon Shot Put - Group B,True
ATHWHIGHJUMP,Women's High Jump,W,Athletics,ATH,Women's High Jump Final;Women's High Jump Qualification - Group A;Women's High Jump Qualification - Group B,True
ATHWJAVELIN,Women's Javelin Throw,W,Athletics,ATH,Women's Javelin Throw Final;Women's Javelin Throw Qualification - Group A;Women's Javelin Throw Qualification - Group B,True
ATHWLONGJUMP,Women's Long Jump,W,Athletics,ATH,Women's Long Jump Final;Women's Long Jump Qualification - Group A;Women's Long Jump Qualification - Group B,True
ATHWMARATHON,Women's Marathon,W,Athletics,ATH,Women's Marathon,True
ATHWPLEVAULT,Women's Pole Vault,W,Athletics,ATH,Women's Pole Vault Final;Women's Pole Vault Qualification - Group A;Women's Pole Vault Qualification - Group B,True
ATHWSHOTPUT,Women's Shot Put,W,Athletics,ATH,Women's Shot Put Final;Women's Shot Put Qualification - Group A;Women's Shot Put Qualification - Group B,True
ATHWTRPLJUMP,Women's Triple Jump,W,Athletics,ATH,Women's Triple Jump Final;Women's Triple Jump Qualification - Group A;Women's Triple Jump Qualification - Group B,True
ATHX42KWALKT,Marathon Race Walk Relay Mixed,X,Athletics,ATH,Marathon Race Walk Relay Mixed,True
ATHX4X400M,4 x 400m Relay Mixed,X,Athletics,ATH,4 x 400m Relay Mixed Final;4 x 400m Relay Mixed Round 1 - Heat 1;4 x 400m Relay Mixed Round 1 - Heat 2,True
BDMMDOUBLES,Men's Doubles,M,Badminton,BDM,Men's Doubles Bronze Medal Match;Men's Doubles Gold Medal Match;Men's Doubles Group Play Stage - Group A;Men's Doubles Group Play Stage - Group B;Men's Doubles Group Play Stage - Group C;Men's Doubles Group Play Stage - Group D;Men's Doubles Quarterfinal;Men's Doubles Semifinal,True
BDMMSINGLES,Men's Singles,M,Badminton,BDM,Men's Singles Bronze Medal Match;Men's Singles Gold Medal Match;Men's Singles Group Play Stage - Group A;Men's Singles Group Play Stage - Group C;Men's Singles Group Play Stage - Group D;Men's Singles Group Play Stage - Group E;Men's Singles Group Play Stage - Group G;Men's Singles Group Play Stage - Group H;Men's Singles Group Play Stage - Group I;Men's Singles Group Play Stage - Group J;Men's Singles Group Play Stage - Group K;Men's Singles Group Play Stage - Group L;Men's Singles Group Play Stage - Group M;Men's Singles Group Play Stage - Group N;Men's Singles Group Play Stage - Group P;Men's Singles Quarterfinal;Men's Singles Round of 16;Men's Singles Semifinal,True
BDMWDOUBLES,Women's Doubles,W,Badminton,BDM,Women's Doubles Bronze Medal Match;Women's Doubles Gold Medal Match;Women's Doubles Group Play Stage - Group A;Women's Doubles Group Play Stage - Group B;Women's Doubles Group Play Stage - Group C;Women's Doubles Group Play Stage - Group D;Women's Doubles Quarterfinal;Women's Doubles Semifinal,True
BDMWSINGLES,Women's Singles,W,Badminton,BDM,Women's Singles Gold Medal Match;Women's Singles Group Play Stage - Group A;Women's Singles Group Play Stage - Group C;Women's Singles Group Play Stage - Group D;Women's Singles Group Play Stage - Group E;Women's Singles Group Play Stage - Group G;Women's Singles Group Play Stage - Group H;Women's Singles Group Play Stage - Group I;Women's Singles Group Play Stage - Group J;Women's Singles Group Play Stage - Group K;Women's Singles Group Play Stage - Group L;Women's Singles Group Play Stage - Group M;Women's Singles Group Play Stage - Group N;Women's Singles Group Play Stage - Group P;Women's Singles Quarterfinal;Women's Singles Round of 16;Women's Singles Semifinal,True
BDMXDOUBLES,Mixed Doubles,X,Badminton,BDM,Mixed Doubles Bronze Medal Match;Mixed Doubles Gold Medal Match;Mixed Doubles Group Play Stage - Group A;Mixed Doubles Group Play Stage - Group B;Mixed Doubles Group Play Stage - Group C;Mixed Doubles Group Play Stage - Group D;Mixed Doubles Quarterfinal;Mixed Doubles Semifinal,True
BK3MTEAM3,Men,M,3x3 Basketball,BK3,Men's Bronze Medal Game;Men's Gold Medal Game;Men's Play-in Games;Men's Pool Round;Men's Semifinal,True
BK3WTEAM3,Women,W,3x3 Basketball,BK3,Women's Bronze Medal Game;Women's Gold Medal Game;Women's Play-in Games;Women's Pool Round;Women's Semifinal,True
BKBMTEAM5,Men,M,Basketball,BKB,Men's Bronze Medal Game;Men's Gold Medal Game;Men's Group Phase - Group A;Men's Group Phase - Group B;Men's Group Phase - Group C;Men's Quarterfinal;Men's Semifinal,True
BKBWTEAM5,Women,W,Basketball,BKB,Women's Bronze Medal Game;Women's Gold Medal Game;Women's Group Phase - Group A;Women's Group Phase - Group B;Women's Group Phase - Group C;Women's Quarterfinal;Women's Semifinal,True
BKGMINDIVID,B-Boys,M,Breaking,BKG,B-Boys Bronze Medal Battle;B-Boys Gold Medal Battle;B-Boys Quarterfinal 1;B-Boys Quarterfinal 2;B-Boys Quarterfinal 3;B-Boys Quarterfinal 4;B-Boys Round Robin - Group A;B-Boys Round Robin - Group B;B-Boys Round Robin - Group C;B-Boys Round Robin - Group D;B-Boys Semifinal 1;B-Boys Semifinal 2,True
BKGWINDIVID,B-Girls,W,Breaking,BKG,B-Girls Bronze Medal Battle;B-Girls Gold Medal Battle;B-Girls Pre-Qualifier Battle;B-Girls Quarterfinal 1;B-Girls Quarterfinal 2;B-Girls Quarterfinal 3;B-Girls Quarterfinal 4;B-Girls Round Robin - Group A;B-Girls Round Robin - Group B;B-Girls Round Robin - Group C;B-Girls Round Robin - Group D;B-Girls Semifinal 1;B-Girls Semifinal 2,True
BMFMINDVFRST,Men's Park,M,Cycling BMX Freestyle,BMF,Men's Park Final;Men's Park Qualification,True
BMFWINDVFRST,Women's Park,W,Cycling BMX Freestyle,BMF,Women's Park Final;Women's Park Qualification,True
BMXMINDVRACE,Men,M,Cycling BMX Racing,BMX,"Men, Final;Men, Last Chance Race;Men, Quarterfinals Run 1 Heat 1;Men, Quarterfinals Run 1 Heat 2;Men, Quarterfinals Run 1 Heat 3;Men, Quarterfinals Run 2 Heat 1;Men, Quarterfinals Run 2 Heat 2;Men, Quarterfinals Run 2 Heat 3;Men, Quarterfinals Run 3 Heat 1;Men, Quarterfinals Run 3 Heat 2;Men, Quarterfinals Run 3 Heat 3;Men, Semifinals Run 1 Heat 1;Men, Semifinals Run 1 Heat 2;Men, Semifinals Run 2 Heat 1;Men, Semifinals Run 2 Heat 2;Men, Semifinals Run 3 Heat 1;Men, Semifinals Run 3 Heat 2",True
BMXWINDVRACE,Women,W,Cycling BMX Racing,BMX,"Women, Final;Women, Last Chance Race;Women, Quarterfinals Run 1 Heat 1;Women, Quarterfinals Run 1 Heat 2;Women, Quarterfinals Run 1 Heat 3;Women, Quarterfinals Run 2 Heat 1;Women, Quarterfinals Run 2 Heat 2;Women, Quarterfinals Run 2 Heat 3;Women, Quarterfinals Run 3 Heat 1;Women, Quarterfinals Run 3 Heat 2;Women, Quarterfinals Run 3 Heat 3;Women, Semifinals Run 1 Heat 1;Women, Semifinals Run 1 Heat 2;Women, Semifinals Run 2 Heat 1;Women, Semifinals Run 2 Heat 2;Women, Semifinals Run 3 Heat 1;Women, Semifinals Run 3 Heat 2",True
BOXM51KG,Men's 51kg,M,Boxing,BOX,Men's 51kg - Final;Men's 51kg - Preliminaries - Round of 16;Men's 51kg - Preliminaries - Round of 32;Men's 51kg - Quarterfinal;Men's 51kg - Semifinal,True
BOXM57KG,Men's 57kg,M,Boxing,BOX,Men's 57kg - Final;Men's 57kg - Preliminaries - Round of 16;Men's 57kg - Preliminaries - Round of 32;Men's 57kg - Quarterfinal;Men's 57kg - Semifinal,True
BOXM63KG,Men's 63.5kg,M,Boxing,BOX,Men's 63.5kg - Final;Men's 63.5kg - Preliminaries - Round of 16;Men's 63.5kg - Preliminaries - Round of 32;Men's 63.5kg - Quarterfinal;Men's 63.5kg - Semifinal,True
BOXM71KG,Men's 71kg,M,Boxing,BOX,Men's 71kg - Final;Men's 71kg - Preliminaries - Round of 16;Men's 71kg - Preliminaries - Round of 32;Men's 71kg - Quarterfinal;Men's 71kg - Semifinal,True
BOXM80KG,Men's 80kg,M,Boxing,BOX,Men's 80kg - Final;Men's 80kg - Preliminaries - Round of 16;Men's 80kg - Preliminaries - Round of 32;Men's 80kg - Quarterfinal;Men's 80kg - Semifinal,True
BOXM92KG,Men's 92kg,M,Boxing,BOX,Men's 92kg - Final;Men's 92kg - Preliminaries - Round of 16;Men's 92kg - Quarterfinal;Men's 92kg - Semifinal,True
BOXMO92KG,Men's +92kg,M,Boxing,BOX,Men's +92kg - Final;Men's +92kg - Preliminaries - Round of 16;Men's +92kg - Quarterfinal;Men's +92kg - Semifinal,True
BOXW50KG,Women's 50kg,W,Boxing,BOX,Women's 50kg - Final;Women's 50kg - Preliminaries - Round of 16;Women's 50kg - Preliminaries - Round of 32;Women's 50kg - Quarterfinal;Women's 50kg - Semifinal,True
BOXW54KG,Women's 54kg,W,Boxing,BOX,Women's 54kg - Final;Women's 54kg - Preliminaries - Round of 16;Women's 54kg - Preliminaries - Round of 32;Women's 54kg - Quarterfinal;Women's 54kg - Semifinal,True
BOXW57KG,Women's 57kg,W,Boxing,BOX,Women's 57kg - Final;Women's 57kg - Preliminaries - Round of 16;Women's 57kg - Preliminaries - Round of 32;Women's 57kg - Quarterfinal;Women's 57kg - Semifinal,True
BOXW60KG,Women's 60kg,W,Boxing,BOX,Women's 60kg - Final;Women's 60kg - Preliminaries - Round of 16;Women's 60kg - Preliminaries - Round of 32;Women's 60kg - Quarterfinal;Women's 60kg - Semifinal,True
BOXW66KG,Women's 66kg,W,Boxing,BOX,Women's 66kg - Final;Women's 66kg - Preliminaries - Round of 16;Women's 66kg - Preliminaries - Round of 32;Women's 66kg - Quarterfinal;Women's 66kg - Semifinal,True
BOXW75KG,Women's 75kg,W,Boxing,BOX,Women's 75kg - Final;Women's 75kg - Preliminaries - Round of 16;Women's 75kg - Quarterfinal;Women's 75kg - Semifinal,True
CLBMBLCOMB,Men's Boulder & Lead,M,Sport Climbing,CLB,"Men's Boulder & Lead, Final;Men's Boulder & Lead, Final Boulder;Men's Boulder & Lead, Final Lead;Men's Boulder & Lead, Semifinal Boulder;Men's Boulder & Lead, Semifinal Lead",True
CLBMSPEED,Men's Speed,M,Sport Climbing,CLB,"Men's Speed, Big Final;Men's Speed, Qualification Elimination heats;Men's Speed, Qualification Seeding;Men's Speed, Quarterfinal;Men's Speed, Semifinal;Men's Speed, Small Final",True
CLBWBLCOMB,Women's Boulder & Lead,W,Sport Climbing,CLB,"Women's Boulder & Lead Final;Women's Boulder & Lead, Final Boulder;Women's Boulder & Lead, Final Lead;Women's Boulder & Lead, Semifinal Boulder;Women's Boulder & Lead, Semifinal Lead",True
CLBWSPEED,Women's Speed,W,Sport Climbing,CLB,"Women's Speed, Big Final;Women's Speed, Qualification Elimination heats;Women's Speed, Qualification Seeding heats;Women's Speed, Quarterfinal;Women's Speed, Semifinal;Women's Speed, Small Final",True
CRDMRR,Men's Road Race,M,Cycling Road,CRD,Men's Road Race,True
CRDMTT,Men's Individual Time Trial,M,Cycling Road,CRD,Men's Individual Time Trial,True
CRDWRR,Women's Road Race,W,Cycling Road,CRD,Women's Road Race,True
CRDWTT,Women's Individual Time Trial,W,Cycling Road,CRD,Women's Individual Time Trial,True
CSLMC1,Men's Canoe Single,M,Canoe Slalom,CSL,Men's Canoe Single Final;Men's Canoe Single Heats 1st Run;Men's Canoe Single Heats 2nd Run;Men's Canoe Single Semifinal,True
CSLMK1,Men's Kayak Single,M,Canoe Slalom,CSL,Men's Kayak Single Final;Men's Kayak Single Heats 1st Run;Men's Kayak Single Heats 2nd Run;Men's Kayak Single Semifinal,True
CSLMX1,Men's Kayak Cross,M,Canoe Slalom,CSL,Men's Kayak Cross Final;Men's Kayak Cross Heat 1;Men's Kayak Cross Heat 2;Men's Kayak Cross Heat 3;Men's Kayak Cross Heat 4;Men's Kayak Cross Heat 5;Men's Kayak Cross Heat 6;Men's Kayak Cross Heat 7;Men's Kayak Cross Heat 8;Men's Kayak Cross Quarterfinal 1;Men's Kayak Cross Quarterfinal 2;Men's Kayak Cross Quarterfinal 3;Men's Kayak Cross Quarterfinal 4;Men's Kayak Cross Repechage Race 1;Men's Kayak Cross Repechage Race 2;Men's Kayak Cross Repechage Race 3;Men's Kayak Cross Repechage Race 4;Men's Kayak Cross Repechage Race 5;Men's Kayak Cross Round 1 Race 1;Men's Kayak Cross Round 1 Race 10;Men's Kayak Cross Round 1 Race 11;Men's Kayak Cross Round 1 Race 2;Men's Kayak Cross Round 1 Race 3;Men's Kayak Cross Round 1 Race 4;Men's Kayak Cross Round 1 Race 5;Men's Kayak Cross Round 1 Race 6;Men's Kayak Cross Round 1 Race 7;Men's Kayak Cross Round 1 Race 8;Men's Kayak Cross Round 1 Race 9;Men's Kayak Cross Semifinal 1;Men's Kayak Cross Semifinal 2;Men's Kayak Cross Small Final;Men's Kayak Cross Time Trial,True
CSLWC1,Women's Canoe Single,W,Canoe Slalom,CSL,Women's Canoe Single Final;Women's Canoe Single Heats 1st Run;Women's Canoe Single Heats 2nd Run;Women's Canoe Single Semifinal,True
CSLWK1,Women's Kayak Single,W,Canoe Slalom,CSL,Women's Kayak Single Final;Women's Kayak Single Heats 1st Run;Women's Kayak Single Heats 2nd Run;Women's Kayak Single Semifinal,True
CSLWX1,Women's Kayak Cross,W,Canoe Slalom,CSL,Women's Kayak Cross Final;Women's Kayak Cross Heat 1;Women's Kayak Cross Heat 2;Women's Kayak Cross Heat 3;Women's Kayak Cross Heat 4;Women's Kayak Cross Heat 5;Women's Kayak Cross Heat 6;Women's Kayak Cross Heat 7;Women's Kayak Cross Heat 8;Women's Kayak Cross Quarterfinal 1;Women's Kayak Cross Quarterfinal 2;Women's Kayak Cross Quarterfinal 3;Women's Kayak Cross Quarterfinal 4;Women's Kayak Cross Repechage Race 1;Women's Kayak Cross Repechage Race 2;Women's Kayak Cross Repechage Race 3;Women's Kayak Cross Repechage Race 4;Women's Kayak Cross Repechage Race 5;Women's Kayak Cross Round 1 Race 1;Women's Kayak Cross Round 1 Race 10;Women's Kayak Cross Round 1 Race 11;Women's Kayak Cross Round 1 Race 2;Women's Kayak Cross Round 1 Race 3;Women's Kayak Cross Round 1 Race 4;Women's Kayak Cross Round 1 Race 5;Women's Kayak Cross Round 1 Race 6;Women's Kayak Cross Round 1 Race 7;Women's Kayak Cross Round 1 Race 8;Women's Kayak Cross Round 1 Race 9;Women's Kayak Cross Semifinal 1;Women's Kayak Cross Semifinal 2;Women's Kayak Cross Small Final;Women's Kayak Cross Time Trial,True
CSPMC1-1000M,Men's Canoe Single 1000m,M,Canoe Sprint,CSP,Men's Canoe Single 1000m Final A;Men's Canoe Single 1000m Final B;Men's Canoe Single 1000m Heat 1;Men's Canoe Single 1000m Heat 2;Men's Canoe Single 1000m Heat 3;Men's Canoe Single 1000m Heat 4;Men's Canoe Single 1000m Heat 5;Men's Canoe Single 1000m Quarterfinal 1;Men's Canoe Single 1000m Quarterfinal 2;Men's Canoe Single 1000m Quarterfinal 3;Men's Canoe Single 1000m Semifinal 1;Men's Canoe Single 1000m Semifinal 2,True
CSPMC2-500M,Men's Canoe Double 500m,M,Canoe Sprint,CSP,Men's Canoe Double 500m Final A;Men's Canoe Double 500m Final B;Men's Canoe Double 500m Heat 1;Men's Canoe Double 500m Heat 2;Men's Canoe Double 500m Quarterfinal 1;Men's Canoe Double 500m Quarterfinal 2;Men's Canoe Double 500m Semifinal 1;Men's Canoe Double 500m Semifinal 2,True
CSPMK1-1000M,Men's Kayak Single 1000m,M,Canoe Sprint,CSP,Men's Kayak Single 1000m Final A;Men's Kayak Single 1000m Final B;Men's Kayak Single 1000m Heat 1;Men's Kayak Single 1000m Heat 2;Men's Kayak Single 1000m Heat 3;Men's Kayak Single 1000m Heat 4;Men's Kayak Single 1000m Heat 5;Men's Kayak Single 1000m Quarterfinal 1;Men's Kayak Single 1000m Quarterfinal 2;Men's Kayak Single 1000m Quarterfinal 3;Men's Kayak Single 1000m Semifinal 1;Men's Kayak Single 1000m Semifinal 2,True
CSPMK2-500M,Men's Kayak Double 500m,M,Canoe Sprint,CSP,Men's Kayak Double 500m Final A;Men's Kayak Double 500m Final B;Men's Kayak Double 500m Heat 1;Men's Kayak Double 500m Heat 2;Men's Kayak Double 500m Heat 3;Men's Kayak Double 500m Heat 4;Men's Kayak Double 500m Quarterfinal 1;Men's Kayak Double 500m Quarterfinal 2;Men's Kayak Double 500m Semifinal 1;Men's Kayak Double 500m Semifinal 2,True
CSPMK4-500M,Men's Kayak Four 500m,M,Canoe Sprint,CSP,Men's Kayak Four 500m Final A;Men's Kayak Four 500m Heat 1;Men's Kayak Four 500m Heat 2;Men's Kayak Four 500m Quarterfinal 1;Men's Kayak Four 500m Semifinal 1;Men's Kayak Four 500m Semifinal 2,True
CSPWC1-200M,Women's Canoe Single 200m,W,Canoe Sprint,CSP,Women's Canoe Single 200m Final A;Women's Canoe Single 200m Final B;Women's Canoe Single 200m Heat 1;Women's Canoe Single 200m Heat 2;Women's Canoe Single 200m Heat 3;Women's Canoe Single 200m Heat 4;Women's Canoe Single 200m Heat 5;Women's Canoe Single 200m Quarterfinal 1;Women's Canoe Single 200m Quarterfinal 2;Women's Canoe Single 200m Quarterfinal 3;Women's Canoe Single 200m Semifinal 1;Women's Canoe Single 200m Semifinal 2,True
CSPWC2-500M,Women's Canoe Double 500m,W,Canoe Sprint,CSP,Women's Canoe Double 500m Final A;Women's Canoe Double 500m Final B;Women's Canoe Double 500m Heat 1;Women's Canoe Double 500m Heat 2;Women's Canoe Double 500m Quarterfinal 1;Women's Canoe Double 500m Quarterfinal 2;Women's Canoe Double 500m Semifinal 1;Women's Canoe Double 500m Semifinal 2,True
CSPWK1-500M,Women's Kayak Single 500m,W,Canoe Sprint,CSP,Women's Kayak Single 500m Final A;Women's Kayak Single 500m Final B;Women's Kayak Single 500m Final C;Women's Kayak Single 500m Heat 1;Women's Kayak Single 500m Heat 2;Women's Kayak Single 500m Heat 3;Women's Kayak Single 500m Heat 4;Women's Kayak Single 500m Heat 5;Women's Kayak Single 500m Heat 6;Women's Kayak Single 500m Quarterfinal 1;Women's Kayak Single 500m Quarterfinal 2;Women's Kayak Single 500m Quarterfinal 3;Women's Kayak Single 500m Quarterfinal 4;Women's Kayak Single 500m Semifinal 1;Women's Kayak Single 500m Semifinal 2;Women's Kayak Single 500m Semifinal 3;Women's Kayak Single 500m Semifinal 4,True
CSPWK2-500M,Women's Kayak Double 500m,W,Canoe Sprint,CSP,Women's Kayak Double 500m Final A;Women's Kayak Double 500m Final B;Women's Kayak Double 500m Heat 1;Women's Kayak Double 500m Heat 2;Women's Kayak Double 500m Heat 3;Women's Kayak Double 500m Heat 4;Women's Kayak Double 500m Quarterfinal 1;Women's Kayak Double 500m Quarterfinal 2;Women's Kayak Double 500m Semifinal 1;Women's Kayak Double 500m Semifinal 2,True
CSPWK4-500M,Women's Kayak Four 500m,W,Canoe Sprint,CSP,Women's Kayak Four 500m Final A;Women's Kayak Four 500m Heat 1;Women's Kayak Four 500m Heat 2;Women's Kayak Four 500m Semifinal 1,True
CTRMKEIRIN,Men's Keirin,M,Cycling Track,CTR,"Men's Keirin, Final for Gold;Men's Keirin, Final for places 7-12;Men's Keirin, First Round - Heat 1;Men's Keirin, First Round - Heat 2;Men's Keirin, First Round - Heat 3;Men's Keirin, First Round - Heat 4;Men's Keirin, First Round - Heat 5;Men's Keirin, Quarterfinals - Heat 1;Men's Keirin, Quarterfinals - Heat 2;Men's Keirin, Quarterfinals - Heat 3;Men's Keirin, Repechages - Heat 1;Men's Keirin, Repechages - Heat 2;Men's Keirin, Repechages - Heat 3;Men's Keirin, Repechages - Heat 4;Men's Keirin, Semifinals - Heat 1;Men's Keirin, Semifinals - Heat 2",True
CTRMMADISON,Men's Madison,M,Cycling Track,CTR,"Men's Madison, Final",True
CTRMOMNIUM,Men's Omnium,M,Cycling Track,CTR,"Men's Omnium;Men's Omnium, Elimination Race 3/4;Men's Omnium, Points Race 4/4;Men's Omnium, Scratch Race 1/4;Men's Omnium, Tempo Race 2/4",True
CTRMPURTEAM4,Men's Team Pursuit,M,Cycling Track,CTR,"Men's Team Pursuit, Finals - For Bronze;Men's Team Pursuit, Finals - For Gold;Men's Team Pursuit, Finals - For Places 5-6;Men's Team Pursuit, Finals - For Places 7-8;Men's Team Pursuit, First Round - Heat 1;Men's Team Pursuit, First Round - Heat 2;Men's Team Pursuit, First Round - Heat 3;Men's Team Pursuit, First Round - Heat 4;Men's Team Pursuit, Qualifying",True
CTRMSPRINT,Men's Sprint,M,Cycling Track,CTR,"Men's Sprint, 1/16 Finals - Heat 1;Men's Sprint, 1/16 Finals - Heat 2;Men's Sprint, 1/16 Finals - Heat 3;Men's Sprint, 1/16 Finals - Heat 4;Men's Sprint, 1/16 Finals - Heat 5;Men's Sprint, 1/16 Finals - Heat 6;Men's Sprint, 1/16 Finals - Heat 7;Men's Sprint, 1/16 Finals - Heat 8;Men's Sprint, 1/16 Finals Repechages - Heat 1;Men's Sprint, 1/16 Finals Repechages - Heat 2;Men's Sprint, 1/16 Finals Repechages - Heat 3;Men's Sprint, 1/16 Finals Repechages - Heat 4;Men's Sprint, 1/32 Finals - Heat 1;Men's Sprint, 1/32 Finals - Heat 10;Men's Sprint, 1/32 Finals - Heat 11;Men's Sprint, 1/32 Finals - Heat 12;Men's Sprint, 1/32 Finals - Heat 2;Men's Sprint, 1/32 Finals - Heat 3;Men's Sprint, 1/32 Finals - Heat 4;Men's Sprint, 1/32 Finals - Heat 5;Men's Sprint, 1/32 Finals - Heat 6;Men's Sprint, 1/32 Finals - Heat 7;Men's Sprint, 1/32 Finals - Heat 8;Men's Sprint, 1/32 Finals - Heat 9;Men's Sprint, 1/32 Finals Repechages - Heat 1;Men's Sprint, 1/32 Finals Repechages - Heat 2;Men's Sprint, 1/32 Finals Repechages - Heat 3;Men's Sprint, 1/32 Finals Repechages - Heat 4;Men's Sprint, 1/8 Finals - Heat 1;Men's Sprint, 1/8 Finals - Heat 2;Men's Sprint, 1/8 Finals - Heat 3;Men's Sprint, 1/8 Finals - Heat 4;Men's Sprint, 1/8 Finals - Heat 5;Men's Sprint, 1/8 Finals - Heat 6;Men's Sprint, 1/8 Finals Repechages - Heat 1;Men's Sprint, 1/8 Finals Repechages - Heat 2;Men's Sprint, Final for 5th-8th Places;Men's Sprint, Finals - Bronze;Men's Sprint, Finals - Gold;Men's Sprint, Qualifying;Men's Sprint, Quarterfinals - Heat 1;Men's Sprint, Quarterfinals - Heat 2;Men's Sprint, Quarterfinals - Heat 3;Men's Sprint, Quarterfinals - Heat 4;Men's Sprint, Semifinals - Heat 1;Men's Sprint, Semifinals - Heat 2",True
CTRMSPRTEAM3,Men's Team Sprint,M,Cycling Track,CTR,"Men's Team Sprint, Finals - For Bronze;Men's Team Sprint, Finals - For Gold;Men's Team Sprint, Finals - For Places 5-6;Men's Team Sprint, Finals - For Places 7-8;Men's Team Sprint, First Round - Heat 1;Men's Team Sprint, First Round - Heat 3;Men's Team Sprint, First Round - Heat 4;Men's Team Sprint, Qualifying;Men's Team Sprint,, First Round - Heat 2",True
CTRWKEIRIN,Women's Keirin,W,Cycling Track,CTR,"Women's Keirin, Final for Gold;Women's Keirin, Final for places 7-12;Women's Keirin, First Round - Heat 1;Women's Keirin, First Round - Heat 2;Women's Keirin, First Round - Heat 3;Women's Keirin, First Round - Heat 4;Women's Keirin, First Round - Heat 5;Women's Keirin, Quarterfinals - Heat 1;Women's Keirin, Quarterfinals - Heat 2;Women's Keirin, Quarterfinals - Heat 3;Women's Keirin, Repechages - Heat 1;Women's Keirin, Repechages - Heat 2;Women's Keirin, Repechages - Heat 3;Women's Keirin, Repechages - Heat 4;Women's Keirin, Semifinals - Heat 1;Women's Keirin, Semifinals - Heat 2",True
CTRWMADISON,Women's Madison,W,Cycling Track,CTR,"Women's Madison, Final",True
CTRWOMNIUM,Women's Omnium,W,Cycling Track,CTR,"Women's Omnium;Women's Omnium, Elimination Race 3/4;Women's Omnium, Points Race 4/4;Women's Omnium, Scratch Race 1/4;Women's Omnium, Tempo Race 2/4",True
CTRWPURTEAM4,Women's Team Pursuit,W,Cycling Track,CTR,"Women's Team Pursuit, Finals - For Bronze;Women's Team Pursuit, Finals - For Gold;Women's Team Pursuit, Finals - For Places 5-6;Women's Team Pursuit, Finals - For Places 7-8;Women's Team Pursuit, First Round - Heat 1;Women's Team Pursuit, First Round - Heat 2;Women's Team Pursuit, First Round - Heat 3;Women's Team Pursuit, First Round - Heat 4;Women's Team Pursuit, Qualifying",True
CTRWSPRINT,Women's Sprint,W,Cycling Track,CTR,"Women's Sprint, 1/16 Finals - Heat 1;Women's Sprint, 1/16 Finals - Heat 2;Women's Sprint, 1/16 Finals - Heat 3;Women's Sprint, 1/16 Finals - Heat 4;Women's Sprint, 1/16 Finals - Heat 5;Women's Sprint, 1/16 Finals - Heat 6;Women's Sprint, 1/16 Finals - Heat 7;Women's Sprint, 1/16 Finals - Heat 8;Women's Sprint, 1/16 Finals Repechages - Heat 1;Women's Sprint, 1/16 Finals Repechages - Heat 2;Women's Sprint, 1/16 Finals Repechages - Heat 3;Women's Sprint, 1/16 Finals Repechages - Heat 4;Women's Sprint, 1/32 Finals - Heat 1;Women's Sprint, 1/32 Finals - Heat 10;Women's Sprint, 1/32 Finals - Heat 11;Women's Sprint, 1/32 Finals - Heat 12;Women's Sprint, 1/32 Finals - Heat 2;Women's Sprint, 1/32 Finals - Heat 3;Women's Sprint, 1/32 Finals - Heat 4;Women's Sprint, 1/32 Finals - Heat 5;Women's Sprint, 1/32 Finals - Heat 6;Women's Sprint, 1/32 Finals - Heat 7;Women's Sprint, 1/32 Finals - Heat 8;Women's Sprint, 1/32 Finals - Heat 9;Women's Sprint, 1/32 Finals Repechages - Heat 1;Women's Sprint, 1/32 Finals Repechages - Heat 2;Women's Sprint, 1/32 Finals Repechages - Heat 3;Women's Sprint, 1/32 Finals Repechages - Heat 4;Women's Sprint, 1/8 Final Repechages - Heat 1;Women's Sprint, 1/8 Final Repechages - Heat 2;Women's Sprint, 1/8 Finals - Heat 1;Women's Sprint, 1/8 Finals - Heat 2;Women's Sprint, 1/8 Finals - Heat 3;Women's Sprint, 1/8 Finals - Heat 4;Women's Sprint, 1/8 Finals - Heat 5;Women's Sprint, 1/8 Finals - Heat 6;Women's Sprint, Final for 5th-8th Places;Women's Sprint, Finals - Bronze;Women's Sprint, Finals - Gold;Women's Sprint, Qualifying;Women's Sprint, Quarterfinals - Heat 1;Women's Sprint, Quarterfinals - Heat 2;Women's Sprint, Quarterfinals - Heat 3;Women's Sprint, Quarterfinals - Heat 4;Women's Sprint, Semifinals - Heat 1;Women's Sprint, Semifinals - Heat 2",True
CTRWSPRTEAM3,Women's Team Sprint,W,Cycling Track,CTR,"Women's Team Sprint, Finals - For Bronze;Women's Team Sprint, Finals - For Gold;Women's Team Sprint, Finals - For Places 5-6;Women's Team Sprint, Finals - For Places 7-8;Women's Team Sprint, First Round - Heat 1;Women's Team Sprint, First Round - Heat 2;Women's Team Sprint, First Round - Heat 3;Women's Team Sprint, First Round - Heat 4;Women's Team Sprint, Qualifying",True
DIVM10M,Men's 10m Platform,M,Diving,DIV,Men's 10m Platform Final;Men's 10m Platform Preliminary;Men's 10m Platform Semifinal,True
DIVM10MTEAM2,Men's Synchronised 10m Platform,M,Diving,DIV,Men's Synchronised 10m Platform Final,True
DIVM3M,Men's 3m Springboard,M,Diving,DIV,Men's 3m Springboard Final;Men's 3m Springboard Preliminary;Men's 3m Springboard Semifinal,True
DIVM3MTEAM2,Men's Synchronised 3m Springboard,M,Diving,DIV,Men's Synchronised 3m Springboard Final,True
DIVW10M,Women's 10m Platform,W,Diving,DIV,Women's 10m Platform Final;Women's 10m Platform Preliminary;Women's 10m Platform Semifinal,True
DIVW10MTEAM2,Women's Synchronised 10m Platform,W,Diving,DIV,Women's Synchronised 10m Platform Final,True
DIVW3M,Women's 3m Springboard,W,Diving,DIV,Women's 3m Springboard Final;Women's 3m Springboard Preliminary;Women's 3m Springboard Semifinal,True
DIVW3MTEAM2,Women's Synchronised 3m Springboard,W,Diving,DIV,Women's Synchronised 3m Springboard Final,True
EQUODRESINDV,Dressage Individual,O,Equestrian,EQU,Dressage Individual Grand Prix Freestyle;Dressage Individual Grand Prix Group A;Dressage Individual Grand Prix Group B;Dressage Individual Grand Prix Group C;Dressage Individual Grand Prix Group D;Dressage Individual Grand Prix Group E;Dressage Individual Grand Prix Group F,True
EQUODRESTEAM,Dressage Team,O,Equestrian,EQU,Dressage Team Grand Prix Special,True
EQUOEVENINDV,Eventing Individual,O,Equestrian,EQU,Eventing Individual;Eventing Individual Cross Country;Eventing Individual Dressage;Eventing Individual Jumping Final;Eventing Individual Jumping Qualifier,True
EQUOEVENTEAM,Eventing Team,O,Equestrian,EQU,Eventing Team;Eventing Team Cross Country;Eventing Team Dressage;Eventing Team Jumping Final,True
EQUOJUMPINDV,Jumping Individual,O,Equestrian,EQU,Jumping Individual Final;Jumping Individual Final Jump-Off;Jumping Individual Qualifier,True
EQUOJUMPTEAM,Jumping Team,O,Equestrian,EQU,Jumping Team Final;Jumping Team Qualifier,True
FBLMTEAM11,Men,M,Football,FBL,Men's Bronze Medal Match;Men's Gold Medal Match;Men's Group A;Men's Group B;Men's Group C;Men's Group D;Men's Quarter-final;Men's Semi-final,True
FBLWTEAM11,Women,W,Football,FBL,Women's Bronze Medal Match;Women's Gold Medal Match;Women's Group A;Women's Group B;Women's Group C;Women's Quarter-final;Women's Semi-final,True
FENMEPEE,Men's Épée Individual,M,Fencing,FEN,Men's Épée Individual Bronze Medal Bout;Men's Épée Individual Gold Medal Bout;Men's Épée Individual Semifinal 1;Men's Épée Individual Semifinal 2;Men's Épée Individual Table of 16;Men's Épée Individual Table of 32;Men's Épée Individual Table of 64;Men's Épée Individual Table of 8,True
FENMFOIL,Men's Foil Individual,M,Fencing,FEN,Men's Foil Individual Bronze Medal Bout;Men's Foil Individual Gold Medal Bout;Men's Foil Individual Semifinal 1;Men's Foil Individual Semifinal 2;Men's Foil Individual Table of 16;Men's Foil Individual Table of 32;Men's Foil Individual Table of 64;Men's Foil Individual Table of 8,True
FENMSABRE,Men's Sabre Individual,M,Fencing,FEN,Men's Sabre Individual Bronze Medal Bout;Men's Sabre Individual Gold Medal Bout;Men's Sabre Individual Semifinal 1;Men's Sabre Individual Semifinal 2;Men's Sabre Individual Table of 16;Men's Sabre Individual Table of 32;Men's Sabre Individual Table of 64;Men's Sabre Individual Table of 8,True
FENMTEAMEPEE,Men's Épée Team,M,Fencing,FEN,Men's Épée Team Bronze Medal Match;Men's Épée Team Classifications 5-8;Men's Épée Team Gold Medal Match;Men's Épée Team Placement 5-6;Men's Épée Team Placement 7-8;Men's Épée Team Semifinal 1;Men's Épée Team Semifinal 2;Men's Épée Team Table of 8,True
FENMTEAMFOIL,Men's Foil Team,M,Fencing,FEN,Men's Foil Team Bronze Medal Match;Men's Foil Team Classifications 5-8;Men's Foil Team Gold Medal Match;Men's Foil Team Placement 5-6;Men's Foil Team Placement 7-8;Men's Foil Team Semifinal 1;Men's Foil Team Semifinal 2;Men's Foil Team Table of 8,True
FENMTEAMSABR,Men's Sabre Team,M,Fencing,FEN,Men's Sabre Team Bronze Medal Match;Men's Sabre Team Classifications 5-8;Men's Sabre Team Gold Medal Match;Men's Sabre Team Placement 5-6;Men's Sabre Team Placement 7-8;Men's Sabre Team Semifinal 1;Men's Sabre Team Semifinal 2;Men's Sabre Team Table of 8,True
FENWEPEE,Women's Épée Individual,W,Fencing,FEN,Women's Épée Individual Bronze Medal Bout;Women's Épée Individual Gold Medal Bout;Women's Épée Individual Semifinal 1;Women's Épée Individual Semifinal 2;Women's Épée Individual Table of 16;Women's Épée Individual Table of 32;Women's Épée Individual Table of 64;Women's Épée Individual Table of 8,True
FENWFOIL,Women's Foil Individual,W,Fencing,FEN,Women's Foil Individual Bronze Medal Bout;Women's Foil Individual Gold Medal Bout;Women's Foil Individual Semifinal 1;Women's Foil Individual Semifinal 2;Women's Foil Individual Table of 16;Women's Foil Individual Table of 32;Women's Foil Individual Table of 64;Women's Foil Individual Table of 8,True
FENWSABRE,Women's Sabre Individual,W,Fencing,FEN,Women's Sabre Individual Bronze Medal Bout;Women's Sabre Individual Gold Medal Bout;Women's Sabre Individual Semifinal 1;Women's Sabre Individual Semifinal 2;Women's Sabre Individual Table of 16;Women's Sabre Individual Table of 32;Women's Sabre Individual Table of 64;Women's Sabre Individual Table of 8,True
FENWTEAMEPEE,Women's Épée Team,W,Fencing,FEN,Women's Épée Team Bronze Medal Match;Women's Épée Team Classifications 5-8;Women's Épée Team Gold Medal Match;Women's Épée Team Placement 5-6;Women's Épée Team Placement 7-8;Women's Épée Team Semifinal 1;Women's Épée Team Semifinal 2;Women's Épée Team Table of 8,True
FENWTEAMFOIL,Women's Foil Team,W,Fencing,FEN,Women's Foil Team Bronze Medal Match;Women's Foil Team Classifications 5-8;Women's Foil Team Gold Medal Match;Women's Foil Team Placement 5-6;Women's Foil Team Placement 7-8;Women's Foil Team Semifinal 1;Women's Foil Team Semifinal 2;Women's Foil Team Table of 8,True
FENWTEAMSABR,Women's Sabre Team,W,Fencing,FEN,Women's Sabre Team Bronze Medal Match;Women's Sabre Team Classifications 5-8;Women's Sabre Team Gold Medal Match;Women's Sabre Team Placement 5-6;Women's Sabre Team Placement 7-8;Women's Sabre Team Semifinal 1;Women's Sabre Team Semifinal 2;Women's Sabre Team Table of 8,True
GARM1AA,Men's All-Around,M,Artistic Gymnastics,GAR,Men's All-Around Final,True
GARM1APFX,Men's Floor Exercise,M,Artistic Gymnastics,GAR,Men's Floor Exercise Final,True
GARM1APHB,Men's Horizontal Bar,M,Artistic Gymnastics,GAR,Men's Horizontal Bar Final,True
GARM1APPB,Men's Parallel Bars,M,Artistic Gymnastics,GAR,Men's Parallel Bars Final,True
GARM1APPH,Men's Pommel Horse,M,Artistic Gymnastics,GAR,Men's Pommel Horse Final,True
GARM1APSR,Men's Rings,M,Artistic Gymnastics,GAR,Men's Rings Final,True
GARM1APVT,Men's Vault,M,Artistic Gymnastics,GAR,Men's Vault Final,True
GARMTEAM,Men's Team,M,Artistic Gymnastics,GAR,Men's Team Final,True
GARW1AA,Women's All-Around,W,Artistic Gymnastics,GAR,Women's All-Around Final,True
GARW1APBB,Women's Balance Beam,W,Artistic Gymnastics,GAR,Women's Balance Beam Final,True
GARW1APFX,Women's Floor Exercise,W,Artistic Gymnastics,GAR,Women's Floor Exercise Final,True
GARW1APUB,Women's Uneven Bars,W,Artistic Gymnastics,GAR,Women's Uneven Bars Final,True
GARW1APVT,Women's Vault,W,Artistic Gymnastics,GAR,Women's Vault Final,True
GARWTEAM,Women's Team,W,Artistic Gymnastics,GAR,Women's Team Final,True
GLFMSTROKE,Men's Individual Stroke Play,M,Golf,GLF,Men's Individual Stroke Play;Men's Individual Stroke Play Round 1;Men's Individual Stroke Play Round 2;Men's Individual Stroke Play Round 3;Men's Individual Stroke Play Round 4,True
GLFWSTROKE,Women's Individual Stroke Play,W,Golf,GLF,Women's Individual Stroke Play;Women's Individual Stroke Play Round 1;Women's Individual Stroke Play Round 2;Women's Individual Stroke Play Round 3;Women's Individual Stroke Play Round 4,True
GRYW1AA,Individual All-Around,W,Rhythmic Gymnastics,GRY,Individual All-Around Final;Individual All-Around Final - Rotation 1;Individual All-Around Final - Rotation 2;Individual All-Around Final - Rotation 3;Individual All-Around Final - Rotation 4;Individual All-Around Qualification - Rotation 1;Individual All-Around Qualification - Rotation 2;Individual All-Around Qualification - Rotation 3;Individual All-Around Qualification - Rotation 4,True
GRYW5AA,Group All-Around,W,Rhythmic Gymnastics,GRY,Group All-Around Final;Group All-Around Final - Rotation 1;Group All-Around Final - Rotation 2;Group All-Around Qualification - Part 1 of 2;Group All-Around Qualification - Part 2 of 2,True
GTRM1TRA,Men,M,Trampoline Gymnastics,GTR,Men's Final;Men's Qualification,True
GTRW1TRA,Women,W,Trampoline Gymnastics,GTR,Women's Final;Women's Qualification,True
HBLMTEAM7,Men,M,Handball,HBL,Men's Bronze Medal Match;Men's Gold Medal Match;Men's Preliminary Round Group A;Men's Preliminary Round Group B;Men's Quarterfinal;Men's Semifinal,True
HBLWTEAM7,Women,W,Handball,HBL,Women's Bronze Medal Match;Women's Gold Medal Match;Women's Preliminary Round Group A;Women's Preliminary Round Group B;Women's Quarterfinal;Women's Semifinal,True
HOCMTEAM11,Men,M,Hockey,HOC,Men's Bronze Medal Match;Men's Gold Medal Match;Men's Pool A;Men's Pool B;Men's Quarter-final;Men's Semi-final,True
HOCWTEAM11,Women,W,Hockey,HOC,Women's Bronze Medal Match;Women's Gold Medal Match;Women's Pool A;Women's Pool B;Women's Quarter-final;Women's Semi-final,True
JUDM100KG,Men -100 kg,M,Judo,JUD,Men -100 kg Contest for Bronze Medal A;Men -100 kg Contest for Bronze Medal B;Men -100 kg Elimination Round of 16;Men -100 kg Elimination Round of 32;Men -100 kg Final;Men -100 kg Quarterfinal;Men -100 kg Repechage contest;Men -100 kg Semifinal of Table A;Men -100 kg Semifinal of Table B,True
JUDM60KG,Men -60 kg,M,Judo,JUD,Men -60 kg Contest for Bronze Medal A;Men -60 kg Contest for Bronze Medal B;Men -60 kg Elimination Round of 16;Men -60 kg Elimination Round of 32;Men -60 kg Final;Men -60 kg Quarterfinal;Men -60 kg Repechage contest;Men -60 kg Semifinal of Table A;Men -60 kg Semifinal of Table B,True
JUDM66KG,Men -66 kg,M,Judo,JUD,Men -66 kg Contest for Bronze Medal A;Men -66 kg Contest for Bronze Medal B;Men -66 kg Elimination Round of 16;Men -66 kg Elimination Round of 32;Men -66 kg Final;Men -66 kg Quarterfinal;Men -66 kg Repechage contest;Men -66 kg Semifinal of Table A;Men -66 kg Semifinal of Table B,True
JUDM73KG,Men -73 kg,M,Judo,JUD,Men -73 kg Contest for Bronze Medal A;Men -73 kg Contest for Bronze Medal B;Men -73 kg Elimination Round of 16;Men -73 kg Elimination Round of 32;Men -73 kg Final;Men -73 kg Quarterfinal;Men -73 kg Repechage contest;Men -73 kg Semifinal of Table A;Men -73 kg Semifinal of Table B,True
JUDM81KG,Men -81 kg,M,Judo,JUD,Men -81 kg Contest for Bronze Medal A;Men -81 kg Contest for Bronze Medal B;Men -81 kg Elimination Round of 16;Men -81 kg Elimination Round of 32;Men -81 kg Elimination Round of 64;Men -81 kg Final;Men -81 kg Quarterfinal;Men -81 kg Repechage contest;Men -81 kg Semifinal of Table A;Men -81 kg Semifinal of Table B,True
JUDM90KG,Men -90 kg,M,Judo,JUD,Men -90 kg Contest for Bronze Medal A;Men -90 kg Contest for Bronze Medal B;Men -90 kg Elimination Round of 16;Men -90 kg Elimination Round of 32;Men -90 kg Final;Men -90 kg Quarterfinal;Men -90 kg Repechage contest;Men -90 kg Semifinal of Table A;Men -90 kg Semifinal of Table B,True
JUDMO100KG,Men +100 kg,M,Judo,JUD,Men +100 kg Contest for Bronze Medal A;Men +100 kg Contest for Bronze Medal B;Men +100 kg Elimination Round of 16;Men +100 kg Elimination Round of 32;Men +100 kg Final;Men +100 kg Quarterfinal;Men +100 kg Repechage contest;Men +100 kg Semifinal of Table A;Men +100 kg Semifinal of Table B,True
JUDW48KG,Women -48 kg,W,Judo,JUD,Women -48 kg Contest for Bronze Medal A;Women -48 kg Contest for Bronze Medal B;Women -48 kg Elimination Round of 16;Women -48 kg Elimination Round of 32;Women -48 kg Final;Women -48 kg Quarterfinal;Women -48 kg Repechage contest;Women -48 kg Semifinal of Table A;Women -48 kg Semifinal of Table B,True
JUDW52KG,Women -52 kg,W,Judo,JUD,Women -52 kg Contest for Bronze Medal A;Women -52 kg Contest for Bronze Medal B;Women -52 kg Elimination Round of 16;Women -52 kg Elimination Round of 32;Women -52 kg Final;Women -52 kg Quarterfinal;Women -52 kg Repechage contest;Women -52 kg Semifinal of Table A;Women -52 kg Semifinal of Table B,True
JUDW57KG,Women -57 kg,W,Judo,JUD,Women -57 kg Contest for Bronze Medal A;Women -57 kg Contest for Bronze Medal B;Women -57 kg Elimination Round of 16;Women -57 kg Elimination Round of 32;Women -57 kg Final;Women -57 kg Quarterfinal;Women -57 kg Repechage contest;Women -57 kg Semifinal of Table A;Women -57 kg Semifinal of Table B,True
JUDW63KG,Women -63 kg,W,Judo,JUD,Women -63 kg Contest for Bronze Medal A;Women -63 kg Contest for Bronze Medal B;Women -63 kg Elimination Round of 16;Women -63 kg Elimination Round of 32;Women -63 kg Final;Women -63 kg Quarterfinal;Women -63 kg Repechage contest;Women -63 kg Semifinal of Table A;Women -63 kg Semifinal of Table B,True
JUDW70KG,Women -70 kg,W,Judo,JUD,Women -70 kg Contest for Bronze Medal A;Women -70 kg Contest for Bronze Medal B;Women -70 kg Elimination Round of 16;Women -70 kg Elimination Round of 32;Women -70 kg Final;Women -70 kg Quarterfinal;Women -70 kg Repechage contest;Women -70 kg Semifinal of Table A;Women -70 kg Semifinal of Table B,True
JUDW78KG,Women -78 kg,W,Judo,JUD,Women -78 kg Contest for Bronze Medal A;Women -78 kg Contest for Bronze Medal B;Women -78 kg Elimination Round of 16;Women -78 kg Elimination Round of 32;Women -78 kg Final;Women -78 kg Quarterfinal;Women -78 kg Repechage contest;Women -78 kg Semifinal of Table A;Women -78 kg Semifinal of Table B,True
JUDWO78KG,Women +78 kg,W,Judo,JUD,Women +78 kg Contest for Bronze Medal A;Women +78 kg Contest for Bronze Medal B;Women +78 kg Elimination Round of 16;Women +78 kg Elimination Round of 32;Women +78 kg Final;Women +78 kg Quarterfinal;Women +78 kg Repechage contest;Women +78 kg Semifinal of Table A;Women +78 kg Semifinal of Table B,True
JUDXTEAM6,Mixed Team,X,Judo,JUD,Mixed Team Bronze Medal A;Mixed Team Bronze Medal B;Mixed Team Elimination Round of 16;Mixed Team Elimination Round of 32;Mixed Team Final;Mixed Team Quarterfinal;Mixed Team Repechage;Mixed Team Semifinal of Table A;Mixed Team Semifinal of Table B,True
MPNMINDIVID,Men's Individual,M,Modern Pentathlon,MPN,"Men's Individual Final;Men's Individual, Fencing Ranking Round;Men's Individual, Final, Fencing Bonus Round;Men's Individual, Final, Laser Run;Men's Individual, Final, Riding Show Jumping;Men's Individual, Final, Swimming 200m Freestyle Heat 1;Men's Individual, Final, Swimming 200m Freestyle Heat 2;Men's Individual, Final, Swimming 200m Freestyle Heat 3;Men's Individual, Semi-final A, Fencing Bonus Round;Men's Individual, Semi-final A, Laser Run;Men's Individual, Semi-final A, Riding Show Jumping;Men's Individual, Semi-final A, Swimming 200m Freestyle Heat 1;Men's Individual, Semi-final A, Swimming 200m Freestyle Heat 2;Men's Individual, Semi-final A, Swimming 200m Freestyle Heat 3;Men's Individual, Semi-final B, Fencing Bonus Round;Men's Individual, Semi-final B, Laser Run;Men's Individual, Semi-final B, Riding Show Jumping;Men's Individual, Semi-final B, Swimming 200m Freestyle Heat 1;Men's Individual, Semi-final B, Swimming 200m Freestyle Heat 2;Men's Individual, Semi-final B, Swimming 200m Freestyle Heat 3",True
MPNWINDIVID,Women's Individual,W,Modern Pentathlon,MPN,"Women's Individual Final;Women's Individual, Fencing Ranking Round;Women's Individual, Final, Fencing Bonus Round;Women's Individual, Final, Laser Run;Women's Individual, Final, Riding Show Jumping;Women's Individual, Final, Swimming 200m Freestyle Heat 1;Women's Individual, Final, Swimming 200m Freestyle Heat 2;Women's Individual, Final, Swimming 200m Freestyle Heat 3;Women's Individual, Semi-final A, Fencing Bonus Round;Women's Individual, Semi-final A, Laser Run;Women's Individual, Semi-final A, Riding Show Jumping;Women's Individual, Semi-final A, Swimming 200m Freestyle Heat 1;Women's Individual, Semi-final A, Swimming 200m Freestyle Heat 2;Women's Individual, Semi-final A, Swimming 200m Freestyle Heat 3;Women's Individual, Semi-final B, Fencing Bonus Round;Women's Individual, Semi-final B, Laser Run;Women's Individual, Semi-final B, Riding Show Jumping;Women's Individual, Semi-final B, Swimming 200m Freestyle Heat 1;Women's Individual, Semi-final B, Swimming 200m Freestyle Heat 2;Women's Individual, Semi-final B, Swimming 200m Freestyle Heat 3",True
MTBMXCTRY,Men's Cross-country,M,Cycling Mountain Bike,MTB,Men's Cross-country,True
MTBWXCTRY,Women's Cross-country,W,Cycling Mountain Bike,MTB,Women's Cross-country,True
OWSM10KM,Men's 10km,M,Marathon Swimming,OWS,Men's 10km,True
OWSW10KM,Women's 10km,W,Marathon Swimming,OWS,Women's 10km,True
ROWMCOXED8,Men's Eight,M,Rowing,ROW,Men's Eight Final A;Men's Eight Heat 1;Men's Eight Heat 2;Men's Eight Repechage 1,True
ROWMNOCOX2,Men's Pair,M,Rowing,ROW,Men's Pair Final A;Men's Pair Final B;Men's Pair Heat 1;Men's Pair Heat 2;Men's Pair Heat 3;Men's Pair Repechage 1;Men's Pair Semifinal A/B 1;Men's Pair Semifinal A/B 2,True
ROWMNOCOX4,Men's Four,M,Rowing,ROW,Men's Four Final A;Men's Four Final B;Men's Four Heat 1;Men's Four Heat 2;Men's Four Repechage 1,True
ROWMSCULL1,Men's Single Sculls,M,Rowing,ROW,Men's Single Sculls Final A;Men's Single Sculls Final B;Men's Single Sculls Final C;Men's Single Sculls Final D;Men's Single Sculls Final E;Men's Single Sculls Final F;Men's Single Sculls Heat 1;Men's Single Sculls Heat 2;Men's Single Sculls Heat 3;Men's Single Sculls Heat 4;Men's Single Sculls Heat 5;Men's Single Sculls Heat 6;Men's Single Sculls Quarterfinal 1;Men's Single Sculls Quarterfinal 2;Men's Single Sculls Quarterfinal 3;Men's Single Sculls Quarterfinal 4;Men's Single Sculls Repechage 1;Men's Single Sculls Repechage 2;Men's Single Sculls Repechage 3;Men's Single Sculls Semifinal A/B 1;Men's Single Sculls Semifinal A/B 2;Men's Single Sculls Semifinal C/D 1;Men's Single Sculls Semifinal C/D 2;Men's Single Sculls Semifinal E/F 1;Men's Single Sculls Semifinal E/F 2,True
ROWMSCULL2,Men's Double Sculls,M,Rowing,ROW,Men's Double Sculls Final A;Men's Double Sculls Final B;Men's Double Sculls Heat 1;Men's Double Sculls Repechage 1;Men's Double Sculls Semifinal A/B 1;Men's Double Sculls Semifinal A/B 2,True
ROWMSCULL2-L,Lightweight Men's Double Sculls,M,Rowing,ROW,Lightweight Men's Double Sculls Final A;Lightweight Men's Double Sculls Final B;Lightweight Men's Double Sculls Final C;Lightweight Men's Double Sculls Heat 1;Lightweight Men's Double Sculls Heat 2;Lightweight Men's Double Sculls Heat 3;Lightweight Men's Double Sculls Repechage 1;Lightweight Men's Double Sculls Repechage 2;Lightweight Men's Double Sculls Semifinal A/B 1;Lightweight Men's Double Sculls Semifinal A/B 2,True
ROWMSCULL4,Men's Quadruple Sculls,M,Rowing,ROW,Men's Quadruple Sculls Final A;Men's Quadruple Sculls Final B;Men's Quadruple Sculls Heat 1;Men's Quadruple Sculls Heat 2;Men's Quadruple Sculls Repechage 1,True
ROWWCOXED8,Women's Eight,W,Rowing,ROW,Women's Eight Final A;Women's Eight Heat 1;Women's Eight Heat 2;Women's Eight Repechage 1,True
ROWWNOCOX2,Women's Pair,W,Rowing,ROW,Women's Pair Final A;Women's Pair Final B;Women's Pair Heat 1;Women's Pair Heat 2;Women's Pair Heat 3;Women's Pair Repechage 1;Women's Pair Semifinal A/B 1;Women's Pair Semifinal A/B 2,True
ROWWNOCOX4,Women's Four,W,Rowing,ROW,Women's Four Final A;Women's Four Final B;Women's Four Heat 1;Women's Four Heat 2;Women's Four Repechage 1,True
ROWWSCULL1,Women's Single Sculls,W,Rowing,ROW,Women's Single Sculls Final A;Women's Single Sculls Final B;Women's Single Sculls Final C;Women's Single Sculls Final D;Women's Single Sculls Final E;Women's Single Sculls Final F;Women's Single Sculls Heat 3;Women's Single Sculls Heat 4;Women's Single Sculls Heat 5;Women's Single Sculls Quarterfinal 1;Women's Single Sculls Quarterfinal 2;Women's Single Sculls Quarterfinal 3;Women's Single Sculls Quarterfinal 4;Women's Single Sculls Repechage 1;Women's Single Sculls Repechage 2;Women's Single Sculls Repechage 3;Women's Single Sculls Semifinal A/B 1;Women's Single Sculls Semifinal A/B 2;Women's Single Sculls Semifinal C/D 1;Women's Single Sculls Semifinal C/D 2;Women's Single Sculls Semifinal E/F 1;Women's Single Sculls Semifinal E/F 2,True
ROWWSCULL2,Women's Double Sculls,W,Rowing,ROW,Women's Double Sculls Final A;Women's Double Sculls Final B;Women's Double Sculls Heat 3;Women's Double Sculls Repechage 1;Women's Double Sculls Semifinal A/B 1;Women's Double Sculls Semifinal A/B 2,True
ROWWSCULL2-L,Lightweight Women's Double Sculls,W,Rowing,ROW,Lightweight Women's Double Sculls Final A;Lightweight Women's Double Sculls Final B;Lightweight Women's Double Sculls Final C;Lightweight Women's Double Sculls Heat 1;Lightweight Women's Double Sculls Heat 2;Lightweight Women's Double Sculls Heat 3;Lightweight Women's Double Sculls Repechage 1;Lightweight Women's Double Sculls Repechage 2;Lightweight Women's Double Sculls Semifinal A/B 1;Lightweight Women's Double Sculls Semifinal A/B 2,True
ROWWSCULL4,Women's Quadruple Sculls,W,Rowing,ROW,Women's Quadruple Sculls Final A;Women's Quadruple Sculls Final B;Women's Quadruple Sculls Repechage 1,True
RU7MTEAM7,Men,M,Rugby Sevens,RU7,Men's Bronze Medal Match;Men's Gold Medal Match;Men's Placing 11-12;Men's Placing 5-6;Men's Placing 5-8;Men's Placing 7-8;Men's Placing 9-10;Men's Placing 9-12;Men's Pool A;Men's Pool B;Men's Pool C;Men's Quarter-final;Men's Semi-final,True
RU7WTEAM7,Women,W,Rugby Sevens,RU7,Women's Bronze Medal Match;Women's Gold Medal Match;Women's Placing 11-12;Women's Placing 5-6;Women's Placing 5-8;Women's Placing 7-8;Women's Placing 9-10;Women's Placing 9-12;Women's Pool A;Women's Pool B;Women's Pool C;Women's Quarter-final;Women's Semi-final,True
SALM49ER,Men's Skiff,M,Sailing,SAL,Men's Skiff;Men's Skiff - Race 1;Men's Skiff - Race 10;Men's Skiff - Race 11;Men's Skiff - Race 12;Men's Skiff - Race 2;Men's Skiff - Race 3;Men's Skiff - Race 4;Men's Skiff - Race 5;Men's Skiff - Race 6;Men's Skiff - Race 7;Men's Skiff - Race 8;Men's Skiff - Race 9;Men's Skiff Medal Race,True
SALMFORMKITE,Men's Kite,M,Sailing,SAL,Men's Kite;Men's Kite - Race 1;Men's Kite - Race 2;Men's Kite - Race 3;Men's Kite - Race 4;Men's Kite - Race 5;Men's Kite - Race 6;Men's Kite - Race 7;Men's Kite - Semifinal A - Race 1;Men's Kite - Semifinal A - Race 2;Men's Kite - Semifinal B - Race 1;Men's Kite Final - Race 1;Men's Kite Final - Race 2;Men's Kite Final - Race 3,True
SALMILCA7,Men's Dinghy,M,Sailing,SAL,Men's Dinghy;Men's Dinghy - Race 1;Men's Dinghy - Race 2;Men's Dinghy - Race 3;Men's Dinghy - Race 4;Men's Dinghy - Race 5;Men's Dinghy - Race 6;Men's Dinghy - Race 7;Men's Dinghy - Race 8;Men's Dinghy Medal Race,True
SALMIQFOIL,Men's Windsurfing,M,Sailing,SAL,Men's Windsurfing;Men's Windsurfing - Final;Men's Windsurfing - Quarterfinal;Men's Windsurfing - Race 1;Men's Windsurfing - Race 10;Men's Windsurfing - Race 11;Men's Windsurfing - Race 12;Men's Windsurfing - Race 13;Men's Windsurfing - Race 2;Men's Windsurfing - Race 3;Men's Windsurfing - Race 4;Men's Windsurfing - Race 5;Men's Windsurfing - Race 6;Men's Windsurfing - Race 7;Men's Windsurfing - Race 8;Men's Windsurfing - Race 9;Men's Windsurfing - Semifinal,True
SALW49ERFX,Women's Skiff,W,Sailing,SAL,Women's Skiff;Women's Skiff - Race 1;Women's Skiff - Race 10;Women's Skiff - Race 11;Women's Skiff - Race 12;Women's Skiff - Race 2;Women's Skiff - Race 3;Women's Skiff - Race 4;Women's Skiff - Race 5;Women's Skiff - Race 6;Women's Skiff - Race 7;Women's Skiff - Race 8;Women's Skiff - Race 9;Women's Skiff Medal Race,True
SALWFORMKITE,Women's Kite,W,Sailing,SAL,Women's Kite;Women's Kite - Race 1;Women's Kite - Race 2;Women's Kite - Race 3;Women's Kite - Race 4;Women's Kite - Race 5;Women's Kite - Race 6;Women's Kite - Semifinal A - Race 1;Women's Kite - Semifinal B - Race 1;Women's Kite Final - Race 1;Women's Kite Final - Race 2,True
SALWILCA6,Women's Dinghy,W,Sailing,SAL,Women's Dinghy;Women's Dinghy - Race 1;Women's Dinghy - Race 2;Women's Dinghy - Race 3;Women's Dinghy - Race 4;Women's Dinghy - Race 5;Women's Dinghy - Race 6;Women's Dinghy - Race 7;Women's Dinghy - Race 8;Women's Dinghy - Race 9;Women's Dinghy Medal Race,True
SALWIQFOIL,Women's Windsurfing,W,Sailing,SAL,Women's Windsurfing;Women's Windsurfing - Final;Women's Windsurfing - Quarterfinal;Women's Windsurfing - Race 1;Women's Windsurfing - Race 10;Women's Windsurfing - Race 11;Women's Windsurfing - Race 12;Women's Windsurfing - Race 13;Women's Windsurfing - Race 14;Women's Windsurfing - Race 2;Women's Windsurfing - Race 3;Women's Windsurfing - Race 4;Women's Windsurfing - Race 5;Women's Windsurfing - Race 6;Women's Windsurfing - Race 7;Women's Windsurfing - Race 8;Women's Windsurfing - Race 9;Women's Windsurfing - Semifinal,True
SALX470,Mixed Dinghy,X,Sailing,SAL,Mixed Dinghy;Mixed Dinghy - Race 1;Mixed Dinghy - Race 2;Mixed Dinghy - Race 3;Mixed Dinghy - Race 4;Mixed Dinghy - Race 5;Mixed Dinghy - Race 6;Mixed Dinghy - Race 7;Mixed Dinghy - Race 8;Mixed Dinghy Medal Race,True
SALXNACRA17,Mixed Multihull,X,Sailing,SAL,Mixed Multihull;Mixed Multihull - Race 1;Mixed Multihull - Race 10;Mixed Multihull - Race 11;Mixed Multihull - Race 12;Mixed Multihull - Race 2;Mixed Multihull - Race 3;Mixed Multihull - Race 4;Mixed Multihull - Race 5;Mixed Multihull - Race 6;Mixed Multihull - Race 7;Mixed Multihull - Race 8;Mixed Multihull - Race 9;Mixed Multihull Medal Race,True
SHOMAPM,10m Air Pistol Men,M,Shooting,SHO,10m Air Pistol Men's Final;10m Air Pistol Men's Qualification,True
SHOMARM,10m Air Rifle Men,M,Shooting,SHO,10m Air Rifle Men's Final;10m Air Rifle Men's Qualification,True
SHOMR3PM,50m Rifle 3 Positions Men,M,Shooting,SHO,50m Rifle 3 Positions Men's Final;50m Rifle 3 Positions Men's Qualification,True
SHOMRFPM,25m Rapid Fire Pistol Men,M,Shooting,SHO,25m Rapid Fire Pistol Men's Final;25m Rapid Fire Pistol Men's Qualification - Stage 1;25m Rapid Fire Pistol Men's Qualification - Stage 2,True
SHOMSKM,Skeet Men,M,Shooting,SHO,Skeet Men's Final;Skeet Men's Qualification - Day 1;Skeet Men's Qualification - Day 2,True
SHOMTRM,Trap Men,M,Shooting,SHO,Trap Men's Final;Trap Men's Qualification - Day 1;Trap Men's Qualification - Day 2,True
SHOWAPW,10m Air Pistol Women,W,Shooting,SHO,10m Air Pistol Women's Final;10m Air Pistol Women's Qualification,True
SHOWARW,10m Air Rifle Women,W,Shooting,SHO,10m Air Rifle Women's Final;10m Air Rifle Women's Qualification,True
SHOWR3PW,50m Rifle 3 Positions Women,W,Shooting,SHO,50m Rifle 3 Positions Women's Final;50m Rifle 3 Positions Women's Qualification,True
SHOWSKW,Skeet Women,W,Shooting,SHO,Skeet Women's Final;Skeet Women's Qualification - Day 1;Skeet Women's Qualification - Day 2,True
SHOWSPW,25m Pistol Women,W,Shooting,SHO,25m Pistol Women's Final;25m Pistol Women's Qualification Precision;25m Pistol Women's Qualification Rapid,True
SHOWTRW,Trap Women,W,Shooting,SHO,Trap Women's Final;Trap Women's Qualification - Day 1;Trap Women's Qualification - Day 2,True
SHOXAPMT,10m Air Pistol Mixed Team,X,Shooting,SHO,10m Air Pistol Mixed Team Bronze Medal Match;10m Air Pistol Mixed Team Gold Medal Match;10m Air Pistol Mixed Team Qualification,True
SHOXARMT,10m Air Rifle Mixed Team,X,Shooting,SHO,10m Air Rifle Mixed Team Bronze Medal Match;10m Air Rifle Mixed Team Gold Medal Match;10m Air Rifle Mixed Team Qualification,True
SHOXSKMT,Skeet Mixed Team,X,Shooting,SHO,Skeet Mixed Team Bronze Medal Match;Skeet Mixed Team Gold Medal Match;Skeet Mixed Team Qualification,True
SKBMPARK,Men's Park,M,Skateboarding,SKB,Men's Park Final;Men's Park Prelims,True
SKBMSTREET,Men's Street,M,Skateboarding,SKB,Men's Street Final;Men's Street Prelims,True
SKBWPARK,Women's Park,W,Skateboarding,SKB,Women's Park Final;Women's Park Prelims,True
SKBWSTREET,Women's Street,W,Skateboarding,SKB,Women's Street Final;Women's Street Prelims,True
SRFMSHORTBRD,Men,M,Surfing,SRF,Men's Bronze Medal Match;Men's Gold Medal Match;Men's Quarterfinals - Heat 1;Men's Quarterfinals - Heat 2;Men's Quarterfinals - Heat 3;Men's Quarterfinals - Heat 4;Men's Round 1 - Heat 1;Men's Round 1 - Heat 2;Men's Round 1 - Heat 3;Men's Round 1 - Heat 4;Men's Round 1 - Heat 5;Men's Round 1 - Heat 6;Men's Round 1 - Heat 7;Men's Round 1 - Heat 8;Men's Round 2 - Heat 1;Men's Round 2 - Heat 2;Men's Round 2 - Heat 3;Men's Round 2 - Heat 4;Men's Round 2 - Heat 5;Men's Round 2 - Heat 6;Men's Round 2 - Heat 7;Men's Round 2 - Heat 8;Men's Round 3 - Heat 1;Men's Round 3 - Heat 2;Men's Round 3 - Heat 3;Men's Round 3 - Heat 4;Men's Round 3 - Heat 5;Men's Round 3 - Heat 6;Men's Round 3 - Heat 7;Men's Round 3 - Heat 8;Men's Semifinals - Heat 1;Men's Semifinals - Heat 2,True
SRFWSHORTBRD,Women,W,Surfing,SRF,Women's Bronze Medal Match;Women's Gold Medal Match;Women's Quarterfinals - Heat 1;Women's Quarterfinals - Heat 2;Women's Quarterfinals - Heat 3;Women's Quarterfinals - Heat 4;Women's Round 1 - Heat 1;Women's Round 1 - Heat 2;Women's Round 1 - Heat 3;Women's Round 1 - Heat 4;Women's Round 1 - Heat 5;Women's Round 1 - Heat 6;Women's Round 1 - Heat 7;Women's Round 1 - Heat 8;Women's Round 2 - Heat 1;Women's Round 2 - Heat 2;Women's Round 2 - Heat 3;Women's Round 2 - Heat 4;Women's Round 2 - Heat 5;Women's Round 2 - Heat 6;Women's Round 2 - Heat 7;Women's Round 2 - Heat 8;Women's Round 3 - Heat 1;Women's Round 3 - Heat 2;Women's Round 3 - Heat 3;Women's Round 3 - Heat 4;Women's Round 3 - Heat 5;Women's Round 3 - Heat 6;Women's Round 3 - Heat 7;Women's Round 3 - Heat 8;Women's Semifinals - Heat 1;Women's Semifinals - Heat 2,True
SWAOTEAM8,Team,O,Artistic Swimming,SWA,Team Acrobatic Routine;Team Final;Team Free Routine;Team Technical Routine,True
SWAWTEAM2,Duet,W,Artistic Swimming,SWA,Duet Final;Duet Free Routine;Duet Technical Routine,True
SWMM100MBA,Men's 100m Backstroke,M,Swimming,SWM,Men's 100m Backstroke - Heat 1;Men's 100m Backstroke - Heat 2;Men's 100m Backstroke - Heat 3;Men's 100m Backstroke - Heat 4;Men's 100m Backstroke - Heat 5;Men's 100m Backstroke - Heat 6;Men's 100m Backstroke Final;Men's 100m Backstroke Semifinal 1;Men's 100m Backstroke Semifinal 2,True
SWMM100MBF,Men's 100m Butterfly,M,Swimming,SWM,Men's 100m Butterfly - Heat 1;Men's 100m Butterfly - Heat 2;Men's 100m Butterfly - Heat 3;Men's 100m Butterfly - Heat 4;Men's 100m Butterfly - Heat 5;Men's 100m Butterfly Final;Men's 100m Butterfly Semifinal 1;Men's 100m Butterfly Semifinal 2,True
SWMM100MBR,Men's 100m Breaststroke,M,Swimming,SWM,Men's 100m Breaststroke - Heat 1;Men's 100m Breaststroke - Heat 2;Men's 100m Breaststroke - Heat 3;Men's 100m Breaststroke - Heat 4;Men's 100m Breaststroke - Heat 5;Men's 100m Breaststroke Final;Men's 100m Breaststroke Semifinal - Swim-Off;Men's 100m Breaststroke Semifinal 1;Men's 100m Breaststroke Semifinal 2,True
SWMM100MFR,Men's 100m Freestyle,M,Swimming,SWM,Men's 100m Freestyle - Heat 1;Men's 100m Freestyle - Heat 10;Men's 100m Freestyle - Heat 2;Men's 100m Freestyle - Heat 3;Men's 100m Freestyle - Heat 4;Men's 100m Freestyle - Heat 5;Men's 100m Freestyle - Heat 6;Men's 100m Freestyle - Heat 7;Men's 100m Freestyle - Heat 8;Men's 100m Freestyle - Heat 9;Men's 100m Freestyle Final;Men's 100m Freestyle Semifinal 1;Men's 100m Freestyle Semifinal 2,True
SWMM1500MFR,Men's 1500m Freestyle,M,Swimming,SWM,Men's 1500m Freestyle - Heat 1;Men's 1500m Freestyle - Heat 2;Men's 1500m Freestyle - Heat 3;Men's 1500m Freestyle - Heat 4;Men's 1500m Freestyle Final,True
SWMM200MBA,Men's 200m Backstroke,M,Swimming,SWM,Men's 200m Backstroke - Heat 1;Men's 200m Backstroke - Heat 2;Men's 200m Backstroke - Heat 3;Men's 200m Backstroke - Heat 4;Men's 200m Backstroke Final;Men's 200m Backstroke Semifinal 1;Men's 200m Backstroke Semifinal 2,True
SWMM200MBF,Men's 200m Butterfly,M,Swimming,SWM,Men's 200m Butterfly - Heat 1;Men's 200m Butterfly - Heat 2;Men's 200m Butterfly - Heat 3;Men's 200m Butterfly - Heat 4;Men's 200m Butterfly Final;Men's 200m Butterfly Semifinal 1;Men's 200m Butterfly Semifinal 2,True
SWMM200MBR,Men's 200m Breaststroke,M,Swimming,SWM,Men's 200m Breaststroke - Heat 1;Men's 200m Breaststroke - Heat 2;Men's 200m Breaststroke - Heat 3;Men's 200m Breaststroke - Heat 4;Men's 200m Breaststroke Final;Men's 200m Breaststroke Semifinal 1;Men's 200m Breaststroke Semifinal 2,True
SWMM200MFR,Men's 200m Freestyle,M,Swimming,SWM,Men's 200m Freestyle - Heat 1;Men's 200m Freestyle - Heat 2;Men's 200m Freestyle - Heat 3;Men's 200m Freestyle - Heat 4;Men's 200m Freestyle Final;Men's 200m Freestyle Semifinal 1;Men's 200m Freestyle Semifinal 2,True
SWMM200MIM,Men's 200m Individual Medley,M,Swimming,SWM,Men's 200m Individual Medley - Heat 1;Men's 200m Individual Medley - Heat 2;Men's 200m Individual Medley - Heat 3;Men's 200m Individual Medley - Heat 4;Men's 200m Individual Medley Final;Men's 200m Individual Medley Semifinal 1;Men's 200m Individual Medley Semifinal 2,True
SWMM400MFR,Men's 400m Freestyle,M,Swimming,SWM,Men's 400m Freestyle - Heat 1;Men's 400m Freestyle - Heat 2;Men's 400m Freestyle - Heat 3;Men's 400m Freestyle - Heat 4;Men's 400m Freestyle - Heat 5;Men's 400m Freestyle Final,True
SWMM400MIM,Men's 400m Individual Medley,M,Swimming,SWM,Men's 400m Individual Medley - Heat 1;Men's 400m Individual Medley - Heat 2;Men's 400m Individual Medley Final,True
SWMM4X100MFR,Men's 4 x 100m Freestyle Relay,M,Swimming,SWM,Men's 4 x 100m Freestyle Relay - Heat 1;Men's 4 x 100m Freestyle Relay - Heat 2;Men's 4 x 100m Freestyle Relay Final,True
SWMM4X100MMD,Men's 4 x 100m Medley Relay,M,Swimming,SWM,Men's 4 x 100m Medley Relay - Heat 1;Men's 4 x 100m Medley Relay - Heat 2;Men's 4 x 100m Medley Relay Final,True
SWMM4X200MFR,Men's 4 x 200m Freestyle Relay,M,Swimming,SWM,Men's 4 x 200m Freestyle Relay - Heat 1;Men's 4 x 200m Freestyle Relay - Heat 2;Men's 4 x 200m Freestyle Relay Final,True
SWMM50MFR,Men's 50m Freestyle,M,Swimming,SWM,Men's 50m Freestyle - Heat 1;Men's 50m Freestyle - Heat 10;Men's 50m Freestyle - Heat 2;Men's 50m Freestyle - Heat 3;Men's 50m Freestyle - Heat 4;Men's 50m Freestyle - Heat 5;Men's 50m Freestyle - Heat 6;Men's 50m Freestyle - Heat 7;Men's 50m Freestyle - Heat 8;Men's 50m Freestyle - Heat 9;Men's 50m Freestyle Final;Men's 50m Freestyle Semifinal 1;Men's 50m Freestyle Semifinal 2,True
SWMM800MFR,Men's 800m Freestyle,M,Swimming,SWM,Men's 800m Freestyle - Heat 1;Men's 800m Freestyle - Heat 2;Men's 800m Freestyle - Heat 3;Men's 800m Freestyle - Heat 4;Men's 800m Freestyle Final,True
SWMW100MBA,Women's 100m Backstroke,W,Swimming,SWM,Women's 100m Backstroke - Heat 1;Women's 100m Backstroke - Heat 2;Women's 100m Backstroke - Heat 3;Women's 100m Backstroke - Heat 4;Women's 100m Backstroke - Heat 5;Women's 100m Backstroke Final;Women's 100m Backstroke Semifinal 1;Women's 100m Backstroke Semifinal 2,True
SWMW100MBF,Women's 100m Butterfly,W,Swimming,SWM,Women's 100m Butterfly - Heat 1;Women's 100m Butterfly - Heat 2;Women's 100m Butterfly - Heat 3;Women's 100m Butterfly - Heat 4;Women's 100m Butterfly Final;Women's 100m Butterfly Semifinal 1;Women's 100m Butterfly Semifinal 2,True
SWMW100MBR,Women's 100m Breaststroke,W,Swimming,SWM,Women's 100m Breaststroke - Heat 1;Women's 100m Breaststroke - Heat 2;Women's 100m Breaststroke - Heat 3;Women's 100m Breaststroke - Heat 4;Women's 100m Breaststroke - Heat 5;Women's 100m Breaststroke Final;Women's 100m Breaststroke Semifinal 1;Women's 100m Breaststroke Semifinal 2,True
SWMW100MFR,Women's 100m Freestyle,W,Swimming,SWM,Women's 100m Freestyle - Heat 1;Women's 100m Freestyle - Heat 2;Women's 100m Freestyle - Heat 3;Women's 100m Freestyle - Heat 4;Women's 100m Freestyle Final;Women's 100m Freestyle Semifinal 1;Women's 100m Freestyle Semifinal 2,True
SWMW1500MFR,Women's 1500m Freestyle,W,Swimming,SWM,Women's 1500m Freestyle - Heat 1;Women's 1500m Freestyle - Heat 2;Women's 1500m Freestyle - Heat 3;Women's 1500m Freestyle Final,True
SWMW200MBA,Women's 200m Backstroke,W,Swimming,SWM,Women's 200m Backstroke - Heat 1;Women's 200m Backstroke - Heat 2;Women's 200m Backstroke - Heat 3;Women's 200m Backstroke - Heat 4;Women's 200m Backstroke Final;Women's 200m Backstroke Semifinal 1;Women's 200m Backstroke Semifinal 2,True
SWMW200MBF,Women's 200m Butterfly,W,Swimming,SWM,Women's 200m Butterfly - Heat 1;Women's 200m Butterfly - Heat 2;Women's 200m Butterfly - Heat 3;Women's 200m Butterfly Final;Women's 200m Butterfly Semifinal 1;Women's 200m Butterfly Semifinal 2,True
SWMW200MBR,Women's 200m Breaststroke,W,Swimming,SWM,Women's 200m Breaststroke - Heat 1;Women's 200m Breaststroke - Heat 2;Women's 200m Breaststroke - Heat 3;Women's 200m Breaststroke Final;Women's 200m Breaststroke Semifinal 1;Women's 200m Breaststroke Semifinal 2,True
SWMW200MFR,Women's 200m Freestyle,W,Swimming,SWM,Women's 200m Freestyle - Heat 1;Women's 200m Freestyle - Heat 2;Women's 200m Freestyle - Heat 3;Women's 200m Freestyle - Heat 4;Women's 200m Freestyle Final;Women's 200m Freestyle Semifinal 1;Women's 200m Freestyle Semifinal 2,True
SWMW200MIM,Women's 200m Individual Medley,W,Swimming,SWM,Women's 200m Individual Medley - Heat 1;Women's 200m Individual Medley - Heat 2;Women's 200m Individual Medley - Heat 3;Women's 200m Individual Medley - Heat 4;Women's 200m Individual Medley - Heat 5;Women's 200m Individual Medley Final;Women's 200m Individual Medley Semifinal 1;Women's 200m Individual Medley Semifinal 2,True
SWMW400MFR,Women's 400m Freestyle,W,Swimming,SWM,Women's 400m Freestyle - Heat 1;Women's 400m Freestyle - Heat 2;Women's 400m Freestyle - Heat 3;Women's 400m Freestyle Final,True
SWMW400MIM,Women's 400m Individual Medley,W,Swimming,SWM,Women's 400m Individual Medley - Heat 1;Women's 400m Individual Medley - Heat 2;Women's 400m Individual Medley Final,True
SWMW4X100MFR,Women's 4 x 100m Freestyle Relay,W,Swimming,SWM,Women's 4 x 100m Freestyle Relay - Heat 1;Women's 4 x 100m Freestyle Relay - Heat 2;Women's 4 x 100m Freestyle Relay Final,True
SWMW4X100MMD,Women's 4 x 100m Medley Relay,W,Swimming,SWM,Women's 4 x 100m Medley Relay - Heat 1;Women's 4 x 100m Medley Relay - Heat 2;Women's 4 x 100m Medley Relay Final,True
SWMW4X200MFR,Women's 4 x 200m Freestyle Relay,W,Swimming,SWM,Women's 4 x 200m Freestyle Relay - Heat 1;Women's 4 x 200m Freestyle Relay - Heat 2;Women's 4 x 200m Freestyle Relay Final,True
SWMW50MFR,Women's 50m Freestyle,W,Swimming,SWM,Women's 50m Freestyle - Heat 1;Women's 50m Freestyle - Heat 10;Women's 50m Freestyle - Heat 2;Women's 50m Freestyle - Heat 3;Women's 50m Freestyle - Heat 4;Women's 50m Freestyle - Heat 5;Women's 50m Freestyle - Heat 6;Women's 50m Freestyle - Heat 7;Women's 50m Freestyle - Heat 8;Women's 50m Freestyle - Heat 9;Women's 50m Freestyle Final;Women's 50m Freestyle Semifinal 1;Women's 50m Freestyle Semifinal 2,True
SWMW800MFR,Women's 800m Freestyle,W,Swimming,SWM,Women's 800m Freestyle - Heat 1;Women's 800m Freestyle - Heat 2;Women's 800m Freestyle Final,True
SWMX4X100MMD,Mixed 4 x 100m Medley Relay,X,Swimming,SWM,Mixed 4 x 100m Medley Relay - Heat 1;Mixed 4 x 100m Medley Relay - Heat 2;Mixed 4 x 100m Medley Relay Final,True
TENMDOUBLES,Men's Doubles,M,Tennis,TEN,Men's Doubles Bronze Medal Match;Men's Doubles First Round;Men's Doubles Gold Medal Match;Men's Doubles Quarter-final;Men's Doubles Second Round;Men's Doubles Semi-final,True
TENMSINGLES,Men's Singles,M,Tennis,TEN,Men's Singles Bronze Medal Match;Men's Singles First Round;Men's Singles Gold Medal Match;Men's Singles Quarter-final;Men's Singles Second Round;Men's Singles Semi-final;Men's Singles Third Round,True
TENWDOUBLES,Women's Doubles,W,Tennis,TEN,Women's Doubles Bronze Medal Match;Women's Doubles First Round;Women's Doubles Gold Medal Match;Women's Doubles Quarter-final;Women's Doubles Second Round;Women's Doubles Semi-final,True
TENWSINGLES,Women's Singles,W,Tennis,TEN,Women's Singles Bronze Medal Match;Women's Singles First Round;Women's Singles Gold Medal Match;Women's Singles Quarter-final;Women's Singles Second Round;Women's Singles Semi-final;Women's Singles Third Round,True
TENXDOUBLES,Mixed Doubles,X,Tennis,TEN,Mixed Doubles Bronze Medal Match;Mixed Doubles First Round;Mixed Doubles Gold Medal Match;Mixed Doubles Quarter-final;Mixed Doubles Semi-final,True
TKWM58KG,Men -58kg,M,Taekwondo,TKW,Men -58kg Bronze Medal Contests;Men -58kg Gold Medal Contest;Men -58kg Qualification Contest;Men -58kg Quarterfinal;Men -58kg Repechage;Men -58kg Round of 16;Men -58kg Semifinal,True
TKWM68KG,Men -68kg,M,Taekwondo,TKW,Men -68kg Bronze Medal Contests;Men -68kg Gold Medal Contest;Men -68kg Qualification Contest;Men -68kg Quarterfinal;Men -68kg Repechage;Men -68kg Round of 16;Men -68kg Semifinal,True
TKWM80KG,Men -80kg,M,Taekwondo,TKW,Men -80kg Bronze Medal Contests;Men -80kg Gold Medal Contest;Men -80kg Qualification Contest;Men -80kg Quarterfinal;Men -80kg Repechage;Men -80kg Round of 16;Men -80kg Semifinal,True
TKWMO80KG,Men +80kg,M,Taekwondo,TKW,Men +80kg Bronze Medal Contests;Men +80kg Gold Medal Contest;Men +80kg Qualification Contest;Men +80kg Quarterfinal;Men +80kg Repechage;Men +80kg Round of 16;Men +80kg Semifinal,True
TKWW49KG,Women -49kg,W,Taekwondo,TKW,Women -49kg Bronze Medal Contests;Women -49kg Gold Medal Contest;Women -49kg Qualification Contest;Women -49kg Quarterfinal;Women -49kg Repechage;Women -49kg Round of 16;Women -49kg Semifinal,True
TKWW57KG,Women -57kg,W,Taekwondo,TKW,Women -57kg Bronze Medal Contests;Women -57kg Gold Medal Contest;Women -57kg Quarterfinal;Women -57kg Repechage;Women -57kg Round of 16;Women -57kg Semifinal,True
TKWW67KG,Women -67kg,W,Taekwondo,TKW,Women -67kg Bronze Medal Contests;Women -67kg Gold Medal Contest;Women -67kg Quarterfinal;Women -67kg Repechage;Women -67kg Round of 16;Women -67kg Semifinal,True
TKWWO67KG,Women +67kg,W,Taekwondo,TKW,Women +67kg Bronze Medal Contests;Women +67kg Gold Medal Contest;Women +67kg Quarterfinal;Women +67kg Repechage;Women +67kg Round of 16;Women +67kg Semifinal,True
TRIMOLYMPIC,Men's Individual,M,Triathlon,TRI,Men's Individual,True
TRIWOLYMPIC,Women's Individual,W,Triathlon,TRI,Women's Individual,True
TRIXTEAM4,Mixed Relay,X,Triathlon,TRI,Mixed Relay,True
TTEMSINGLES,Men's Singles,M,Table Tennis,TTE,Men's Singles Bronze Medal Match;Men's Singles Gold Medal Match;Men's Singles Preliminary Round;Men's Singles Quarterfinal;Men's Singles Round of 16;Men's Singles Round of 32;Men's Singles Round of 64;Men's Singles Semifinal,True
TTEMTEAM,Men's Team,M,Table Tennis,TTE,Men's Team Bronze Medal Team Match;Men's Team Gold Medal Team Match;Men's Team Quarterfinal;Men's Team Round of 16;Men's Team Semifinal,True
TTEWSINGLES,Women's Singles,W,Table Tennis,TTE,Women's Singles Bronze Medal Match;Women's Singles Gold Medal Match;Women's Singles Preliminary Round;Women's Singles Quarterfinal;Women's Singles Round of 16;Women's Singles Round of 32;Women's Singles Round of 64;Women's Singles Semifinal,True
TTEWTEAM,Women's Team,W,Table Tennis,TTE,Women's Team Bronze Medal Team Match;Women's Team Gold Medal Team Match;Women's Team Quarterfinal;Women's Team Round of 16;Women's Team Semifinal,True
TTEXDOUBLES,Mixed Doubles,X,Table Tennis,TTE,Mixed Doubles Bronze Medal Match;Mixed Doubles Gold Medal Match;Mixed Doubles Quarterfinal;Mixed Doubles Round of 16;Mixed Doubles Semifinal,True
VBVMTEAM2,Men,M,Beach Volleyball,VBV,Men's Bronze Medal Match;Men's Gold Medal Match;Men's Preliminary Phase - Pool A;Men's Preliminary Phase - Pool B;Men's Preliminary Phase - Pool C;Men's Preliminary Phase - Pool D;Men's Preliminary Phase - Pool E;Men's Preliminary Phase - Pool F;Men's Quarterfinal;Men's Round of 16;Men's Semifinal;Men's lucky loser round,True
VBVWTEAM2,Women,W,Beach Volleyball,VBV,Women's Bronze Medal Match;Women's Gold Medal Match;Women's Preliminary Phase - Pool A;Women's Preliminary Phase - Pool B;Women's Preliminary Phase - Pool C;Women's Preliminary Phase - Pool D;Women's Preliminary Phase - Pool E;Women's Preliminary Phase - Pool F;Women's Quarterfinal;Women's Round of 16;Women's Semifinal;Women's lucky loser round,True
VVOMTEAM6,Men,M,Volleyball,VVO,Men's Bronze Medal Match;Men's Gold Medal Match;Men's Preliminary Round - Pool A;Men's Preliminary Round - Pool B;Men's Preliminary Round - Pool C;Men's Quarterfinals;Men's Semifinals,True
VVOWTEAM6,Women,W,Volleyball,VVO,Women's Bronze Medal Match;Women's Gold Medal Match;Women's Preliminary Round - Pool A;Women's Preliminary Round - Pool B;Women's Preliminary Round - Pool C;Women's Quarterfinals;Women's Semifinals,True
WLFM102KG,Men's 102kg,M,Weightlifting,WLF,Men's 102kg,True
WLFM61KG,Men's 61kg,M,Weightlifting,WLF,Men's 61kg,True
WLFM73KG,Men's 73kg,M,Weightlifting,WLF,Men's 73kg,True
WLFM89KG,Men's 89kg,M,Weightlifting,WLF,Men's 89kg,True
WLFMO102KG,Men's +102kg,M,Weightlifting,WLF,Men's +102kg,True
WLFW49KG,Women's 49kg,W,Weightlifting,WLF,Women's 49kg,True
WLFW59KG,Women's 59kg,W,Weightlifting,WLF,Women's 59kg,True
WLFW71KG,Women's 71kg,W,Weightlifting,WLF,Women's 71kg,True
WLFW81KG,Women's 81kg,W,Weightlifting,WLF,Women's 81kg,True
WLFWO81KG,Women's +81kg,W,Weightlifting,WLF,Women's +81kg,True
WPOMTEAM7,Men,M,Water Polo,WPO,Men's Bronze Medal Match;Men's Classification 5th-6th;Men's Classification 5th-8th;Men's Classification 7th-8th;Men's Gold Medal Match;Men's Preliminary Round - Group A;Men's Preliminary Round - Group B;Men's Quarterfinal;Men's Semifinal,True
WPOWTEAM7,Women,W,Water Polo,WPO,Women's Bronze Medal Match;Women's Classification 5th-6th;Women's Classification 5th-8th;Women's Classification 7th-8th;Women's Gold Medal Match;Women's Preliminary Round - Group A;Women's Preliminary Round - Group B;Women's Quarterfinal;Women's Semifinal,True
WREMFS125KG,Men's Freestyle 125kg,M,Wrestling,WRE,Men's Freestyle 125kg 1/4 Final;Men's Freestyle 125kg 1/8 Final;Men's Freestyle 125kg Bronze Medal Match;Men's Freestyle 125kg Final;Men's Freestyle 125kg Repechage;Men's Freestyle 125kg Semifinal,True
WREMFS57KG,Men's Freestyle 57kg,M,Wrestling,WRE,Men's Freestyle 57kg 1/4 Final;Men's Freestyle 57kg 1/8 Final;Men's Freestyle 57kg Bronze Medal Match;Men's Freestyle 57kg Final;Men's Freestyle 57kg Repechage;Men's Freestyle 57kg Semifinal,True
WREMFS65KG,Men's Freestyle 65kg,M,Wrestling,WRE,Men's Freestyle 65kg 1/4 Final;Men's Freestyle 65kg 1/8 Final;Men's Freestyle 65kg Bronze Medal Match;Men's Freestyle 65kg Final;Men's Freestyle 65kg Repechage;Men's Freestyle 65kg Semifinal,True
WREMFS74KG,Men's Freestyle 74kg,M,Wrestling,WRE,Men's Freestyle 74kg 1/4 Final;Men's Freestyle 74kg 1/8 Final;Men's Freestyle 74kg Bronze Medal Match;Men's Freestyle 74kg Final;Men's Freestyle 74kg Qualification;Men's Freestyle 74kg Repechage;Men's Freestyle 74kg Semifinal,True
WREMFS86KG,Men's Freestyle 86kg,M,Wrestling,WRE,Men's Freestyle 86kg 1/4 Final;Men's Freestyle 86kg 1/8 Final;Men's Freestyle 86kg Bronze Medal Match;Men's Freestyle 86kg Final;Men's Freestyle 86kg Repechage;Men's Freestyle 86kg Semifinal,True
WREMFS97KG,Men's Freestyle 97kg,M,Wrestling,WRE,Men's Freestyle 97kg 1/4 Final;Men's Freestyle 97kg 1/8 Final;Men's Freestyle 97kg Bronze Medal Match;Men's Freestyle 97kg Final;Men's Freestyle 97kg Repechage;Men's Freestyle 97kg Semifinal,True
WREMGR130KG,Men's Greco-Roman 130kg,M,Wrestling,WRE,Men's Greco-Roman 130kg 1/4 Final;Men's Greco-Roman 130kg 1/8 Final;Men's Greco-Roman 130kg Bronze Medal Match;Men's Greco-Roman 130kg Final;Men's Greco-Roman 130kg Repechage;Men's Greco-Roman 130kg Semifinal,True
WREMGR60KG,Men's Greco-Roman 60kg,M,Wrestling,WRE,Men's Greco-Roman 60kg 1/4 Final;Men's Greco-Roman 60kg 1/8 Final;Men's Greco-Roman 60kg Bronze Medal Match;Men's Greco-Roman 60kg Final;Men's Greco-Roman 60kg Qualification;Men's Greco-Roman 60kg Repechage;Men's Greco-Roman 60kg Semifinal,True
WREMGR67KG,Men's Greco-Roman 67kg,M,Wrestling,WRE,Men's Greco-Roman 67kg 1/4 Final;Men's Greco-Roman 67kg 1/8 Final;Men's Greco-Roman 67kg Bronze Medal Match;Men's Greco-Roman 67kg Final;Men's Greco-Roman 67kg Repechage;Men's Greco-Roman 67kg Semifinal,True
WREMGR77KG,Men's Greco-Roman 77kg,M,Wrestling,WRE,Men's Greco-Roman 77kg 1/4 Final;Men's Greco-Roman 77kg 1/8 Final;Men's Greco-Roman 77kg Bronze Medal Match;Men's Greco-Roman 77kg Final;Men's Greco-Roman 77kg Repechage;Men's Greco-Roman 77kg Semifinal,True
WREMGR87KG,Men's Greco-Roman 87kg,M,Wrestling,WRE,Men's Greco-Roman 87kg 1/4 Final;Men's Greco-Roman 87kg 1/8 Final;Men's Greco-Roman 87kg Bronze Medal Match;Men's Greco-Roman 87kg Final;Men's Greco-Roman 87kg Repechage;Men's Greco-Roman 87kg Semifinal,True
WREMGR97KG,Men's Greco-Roman 97kg,M,Wrestling,WRE,Men's Greco-Roman 97kg 1/4 Final;Men's Greco-Roman 97kg 1/8 Final;Men's Greco-Roman 97kg Bronze Medal Match;Men's Greco-Roman 97kg Final;Men's Greco-Roman 97kg Repechage;Men's Greco-Roman 97kg Semifinal,True
WREWFS50KG,Women's Freestyle 50kg,W,Wrestling,WRE,Women's Freestyle 50kg 1/4 Final;Women's Freestyle 50kg 1/8 Final;Women's Freestyle 50kg Bronze Medal Match;Women's Freestyle 50kg Final;Women's Freestyle 50kg Repechage;Women's Freestyle 50kg Semifinal,True
WREWFS53KG,Women's Freestyle 53kg,W,Wrestling,WRE,Women's Freestyle 53kg 1/4 Final;Women's Freestyle 53kg 1/8 Final;Women's Freestyle 53kg Bronze Medal Match;Women's Freestyle 53kg Final;Women's Freestyle 53kg Repechage;Women's Freestyle 53kg Semifinal,True
WREWFS57KG,Women's Freestyle 57kg,W,Wrestling,WRE,Women's Freestyle 57kg 1/4 Final;Women's Freestyle 57kg 1/8 Final;Women's Freestyle 57kg Bronze Medal Match;Women's Freestyle 57kg Final;Women's Freestyle 57kg Repechage;Women's Freestyle 57kg Semifinal,True
WREWFS62KG,Women's Freestyle 62kg,W,Wrestling,WRE,Women's Freestyle 62kg 1/4 Final;Women's Freestyle 62kg 1/8 Final;Women's Freestyle 62kg Bronze Medal Match;Women's Freestyle 62kg Final;Women's Freestyle 62kg Repechage;Women's Freestyle 62kg Semifinal,True
WREWFS68KG,Women's Freestyle 68kg,W,Wrestling,WRE,Women's Freestyle 68kg 1/4 Final;Women's Freestyle 68kg 1/8 Final;Women's Freestyle 68kg Bronze Medal Match;Women's Freestyle 68kg Final;Women's Freestyle 68kg Repechage;Women's Freestyle 68kg Semifinal,True
WREWFS76KG,Women's Freestyle 76kg,W,Wrestling,WRE,Women's Freestyle 76kg 1/4 Final;Women's Freestyle 76kg 1/8 Final;Women's Freestyle 76kg Bronze Medal Match;Women's Freestyle 76kg Final;Women's Freestyle 76kg Repechage;Women's Freestyle 76kg Semifinal,True
