coach_code:ID(Coach-ID),name,gender,function,category,country_code,country
1533246,PEDRERO Ofelia,Female,Coach,C,MEX,Mexico
1535775,RADHI SHENAISHIL,Male,Head Coach,C,IRQ,Iraq
1536055,AFLAKIKHAMSEH Majid,Male,Coach,C,IRI,IR Iran
1536059,YOUSEFY Mehrdad,Male,Coach,C,IRI,IR Iran
1536060,MADDAH Minoo,Female,Coach,C,IRI,IR Iran
1536328,LOFTUS Adriana,Female,Coach,C,MEX,Mexico
1538313,FERRARA Fernando,Male,Head Coach,C,ARG,Argentina
1538315,GULLA Alejandra,Female,Assistant Coach,C,ARG,Argentina
1538317,CAPURRO Santiago,Male,Assistant Coach,C,ARG,Argentina
1538745,RONCONI Mariano,Male,Head Coach,C,ARG,Argentina
1538748,PAULON Ezequiel,Male,Assistant Coach,C,ARG,Argentina
1538751,VILA Matias,Male,Assistant Coach,C,ARG,Argentina
1539598,KHEIRKHAH HAJIRASOULIAN Mohammadre.,Male,Coach,C,IRI,IR Iran
1540258,DAVIS DIAZ David,Male,Coach,C,MEX,Mexico
1540259,MENDOZA MORA Abel,Male,Coach,C,MEX,Mexico
1540260,VICTORIA ESPINOSA de los Alfonso,Male,Coach,C,MEX,Mexico
1540522,MILANO Guillermo,Male,Head Coach,C,ARG,Argentina
1540638,GOMEZ CORA Santiago,Male,Head Coach,C,ARG,Argentina
1540639,GRAVANO Leonardo,Male,Assistant Coach,C,ARG,Argentina
1540840,FILIORIANU Ana Luiza,Female,Coach,C,ROU,Romania
1542341,SMAILI Badr,Male,Coach,C,MAR,Morocco
1542904,OCEGUERA ORNELAS Pavel,Male,Coach,C,MEX,Mexico
1542908,VALENZUELA GOMEZ Maria,Female,Coach,C,MEX,Mexico
1542913,MEZA PADILLA Jose,Male,Coach,C,MEX,Mexico
1542973,AGUILAR ROJAS Blajaith,Female,Coach,C,MEX,Mexico
1542976,FURALEV Vladislav,Male,Coach,C,MEX,Mexico
1543567,UPTON Patrick Anthony Howard,Male,Coach,C,IND,India
1543570,SCHOPMAN Johanna Dorothea Maria,Female,Coach,C,IND,India
1543575,HALKETT Rhett Kennedy,Male,Assistant Coach,C,IND,India
1543576,FULTON Craig Arthur,Male,Head Coach,C,IND,India
1543577,FARRY Anthony James,Male,Coach,C,IND,India
1544157,THORPE Karen,Female,Coach,C,GBR,Great Britain
1544158,TOMOMATSU Yumiko,Female,Coach,C,GBR,Great Britain
1544489,CURRAN Orlaith,Female,Assistant Coach,C,IRL,Ireland
1545106,NASKAR Arup,Male,Coach,C,IND,India
1545139,CHINNASAMY Ashok Kumar,Male,Coach,C,IND,India
1545947,BUSNARI Alberto,Male,Coach,C,ITA,Italy
1545949,COCCIARO Giuseppe,Male,Coach,C,ITA,Italy
1545950,FORTUNA Marco,Male,Coach,C,ITA,Italy
1545955,BERGAMELLI Monica Roberta,Female,Coach,C,ITA,Italy
1546310,CHIRILCENCO Marc Michel,Male,Coach,C,ALG,Algeria
1546312,HAMICI Saad Eddine,Male,Coach,C,ALG,Algeria
1546698,HERRANZ MARTIN Miguel Angel,Male,Coach,C,ESP,Spain
1546699,RAMAL MUNOZ Jesus,Male,Coach,C,ESP,Spain
1546700,SEIJO GIEBELS Christian Jaime,Male,Coach,C,ESP,Spain
1546701,TOLEDO AROCA Antonio,Male,Coach,C,ESP,Spain
1546702,YAGUE ENRIQUE Brigida,Female,Coach,C,ESP,Spain
1548427,JONES Gilmar,Male,Coach,C,SUR,Suriname
1548848,DIMITROVA Vesela,Female,Coach,C,BUL,Bulgaria
1548875,STOYNEVA Yasena,Female,Coach,C,BUL,Bulgaria
1548895,MARKOVA Branimira,Female,Coach,C,BUL,Bulgaria
1548902,PAMUKOVA Mariyana,Female,Coach,C,BUL,Bulgaria
1548919,IVANOVA Valentina,Female,Coach,C,BUL,Bulgaria
1549452,LEE Eui Yong,Male,Coach,C,GAM,Gambia
1550038,ARILL Samuel,Male,Assistant Coach,C,PUR,Puerto Rico
1550039,MORALES OTERO Carlos,Male,Assistant Coach,C,PUR,Puerto Rico
1550047,BATISTA Gerardo,Male,Coach,C,PUR,Puerto Rico
1550196,COTUTIU Florin,Male,Coach,C,ROU,Romania
1550198,JONES Daymon,Male,Coach,C,ROU,Romania
1550199,KIENS Patrick,Male,Coach,C,ROU,Romania
1550201,MOROSAN Corina,Female,Coach,C,ROU,Romania
1550203,VOINEA Camelia,Female,Coach,C,ROU,Romania
1550267,BERBECAR Marius,Male,Coach,C,ROU,Romania
1552001,LIU Tsung-Ta,Male,Coach,C,TPE,Chinese Taipei
1555083,GEORGALLAS Irodotos,Male,Coach,C,CYP,Cyprus
1555113,PETRIDIS Panagiotis,Male,Coach,C,CYP,Cyprus
1555115,FLANNERY Eimear,Female,Assistant Coach,C,IRL,Ireland
1555131,SHIPPI Panayiotis,Male,Coach,C,CYP,Cyprus
1555182,TRIKOMITI Chrystalleni,Female,Coach,C,CYP,Cyprus
1556249,DEACU George,Male,Assistant Coach,C,ROU,Romania
1556255,RATH Bogdan,Male,Head Coach,C,ROU,Romania
1557013,ARIAS Ramon,Male,Coach,C,CHI,Chile
1559048,WIBERG Johanna,Female,Assistant Coach,C,SWE,Sweden
1559066,FORSBERG Thomas,Male,Assistant Coach,C,SWE,Sweden
1559067,AXNER Tomas,Male,Head Coach,C,SWE,Sweden
1560169,DIOVOL Alioune,Male,Coach,C,SEN,Senegal
1561282,da ROCHA Cristiano,Male,Head Coach,C,BRA,Brazil
1561719,ALTENBURG Valentin,Male,Head Coach,C,GER,Germany
1561732,HENNING Andre,Male,Head Coach,C,GER,Germany
1561734,SCHMITZ Johannes,Male,Assistant Coach,C,GER,Germany
1561740,ARKELL Robin,Male,Coach,C,GER,Germany
1561741,GADEMAN Pasha,Male,Assistant Coach,C,GER,Germany
1562260,WEIDINGER Markus,Male,Coach,C,AUT,Austria
1562563,SOLBERG Glenn,Male,Head Coach,C,SWE,Sweden
1562564,SVENSSON Tomas,Male,Assistant Coach,C,SWE,Sweden
1562566,APELGREN Michael,Male,Assistant Coach,C,SWE,Sweden
1562778,TANKOUCHEV Milko,Male,Coach,C,BUL,Bulgaria
1562790,YANEV Filip,Male,Coach,C,BUL,Bulgaria
1562963,WINIARSKI Michal,Male,Head Coach,C,GER,Germany
1562973,RANNER Thomas,Male,Assistant Coach,C,GER,Germany
1562974,POSMYK Dominik,Male,Assistant Coach,C,GER,Germany
1563661,SALLAH Mariama M.,Female,Coach,C,GAM,Gambia
1563956,TUMILTY Mark,Male,Head Coach,C,IRL,Ireland
1563966,TOTH Balazs,Male,Coach,C,GER,Germany
1564287,QUSAI MUNIR,Male,Assistant Coach,C,IRQ,Iraq
1564321,CRUZ LOPEZ Jose L,Male,Assistant Coach,C,PUR,Puerto Rico
1564323,COLON Nelson,Male,Coach,C,PUR,Puerto Rico
1564325,CRUZ Rafael,Male,Assistant Coach,C,PUR,Puerto Rico
1564413,BESHEER Gamal,Male,Coach,C,EGY,Egypt
1564469,MOHAMED Ahmed,Male,Coach,C,EGY,Egypt
1564470,ABDELMEGUID Zakaria,Male,Coach,C,EGY,Egypt
1564477,MOHAMED Mayar,Female,Coach,C,EGY,Egypt
1564481,HUSSEIN Noha,Female,Coach,C,EGY,Egypt
1565043,MOUNDOUNGA KOMBILA Stephane,Male,Coach,C,GAB,Gabon
1565143,MLADENOVA Albena,Female,Coach,C,AUT,Austria
1565591,AL-ASSAF Faris,Male,Coach,C,JOR,Jordan
1565609,ALSADEQ Yazan,Male,Coach,C,JOR,Jordan
1565612,ALJALLAD Riham,Female,Coach,C,JOR,Jordan
1565657,KRAVCHENKO Sergiy,Male,Assistant Coach,C,UKR,Ukraine
1565672,ROTAN Ruslan,Male,Head Coach,C,UKR,Ukraine
1565759,SIREKANYAN Gurgen,Male,Coach,C,JOR,Jordan
1566325,FREHSE Gabriele,Female,Coach,C,AUT,Austria
1566746,SAHIN Ali,Male,Coach,C,TUR,Türkiye
1566749,TAZEGUL Servet,Male,Coach,C,TUR,Türkiye
1567065,BABEL Vincent,Male,Coach,C,SUR,Suriname
1568152,GOKTEKIN Yilmaz,Male,Coach,C,TUR,Türkiye
1568153,NURI Tufan,Male,Coach,C,TUR,Türkiye
1568648,GOJKOVIC Vladimir,Male,Head Coach,C,MNE,Montenegro
1569994,TOMAS Toni,Male,Coach,C,GBR,Great Britain
1569995,LAURA Veljko,Male,Coach,C,CRO,Croatia
1569996,MESAROV Dejan,Male,Coach,C,CRO,Croatia
1572261,GALAMBOS Bence,Male,Coach,C,HUN,Hungary
1572269,MARTON Luana,Female,Coach,C,HUN,Hungary
1572364,SALIM Gergely,Male,Coach,C,HUN,Hungary
1572370,SALIM Sharif Gergely,Male,Coach,C,HUN,Hungary
1572373,MIKKONEN Suvi,Female,Coach,C,HUN,Hungary
1572650,ROUSSEAUX Emile,Male,Head Coach,C,FRA,France
1572652,ANDRE Felix,Male,Assistant Coach,C,FRA,France
1572654,GAUTHIER Charles,Male,Assistant Coach,C,FRA,France
1573466,TOUPANE Jean Aime,Male,Coach,C,FRA,France
1573467,MELAIN Catherine,Female,Assistant Coach,C,FRA,France
1573468,GAUTIER David,Male,Assistant Coach,C,FRA,France
1573469,HALIN Gregory,Male,Coach,C,FRA,France
1573470,LEONARD Christophe,Male,Coach,C,FRA,France
1573668,COLLET Vincent,Male,Coach,C,FRA,France
1573669,DONNADIEU Pascal,Male,Assistant Coach,C,FRA,France
1573670,ATKINSON Kenny,Male,Assistant Coach,C,FRA,France
1573671,NELHOMME Ruddy,Male,Coach,C,FRA,France
1573672,GOMIS Joseph,Male,Coach,C,FRA,France
1574076,CIAMARRA Roberto,Male,Assistant Coach,C,FRA,France
1574080,GEILER Loic,Male,Assistant Coach,C,FRA,France
1574082,GIANI Andrea,Male,Head Coach,C,FRA,France
1830240,WENG Shih-Hang,Male,Coach,C,TPE,Chinese Taipei
1835894,TSAI Heng-Cheng,Male,Coach,C,TPE,Chinese Taipei
1878950,SANTARELLI Daniele,Male,Head Coach,C,TUR,Türkiye
1878952,FLISI Diego,Male,Assistant Coach,C,TUR,Türkiye
1878956,ZOTTA Andrea,Male,Assistant Coach,C,TUR,Türkiye
1879044,VATANSEVER Recep,Male,Assistant Coach,C,TUR,Türkiye
1879645,DARET Jerome,Male,Head Coach,C,FRA,France
1879871,KRUMBHOLZ Olivier,Male,Head Coach,C,FRA,France
1879872,GARDILLOU Sebastien,Male,Assistant Coach,C,FRA,France
1879875,LEYNAUD Amandine,Female,Assistant Coach,C,FRA,France
1880219,GALKIN Evgeniy,Male,Coach,C,UZB,Uzbekistan
1880226,ABDUSAMATOV Khusniddin,Male,Coach,C,UZB,Uzbekistan
1880388,MWEMA Kevin,Male,Head Coach,C,KEN,Kenya
1880389,AMONDE Andrew,Male,Assistant Coach,C,KEN,Kenya
1880390,KISIA Louis,Male,Assistant Coach,C,KEN,Kenya
1880620,HRUBESCH Horst,Male,Head Coach,C,GER,Germany
1880626,CARLSON Britta,Female,Assistant Coach,C,GER,Germany
1880629,FUCHS Michael,Male,Goalkeeper Coach,C,GER,Germany
1880639,NOERENBERG Thomas,Male,Assistant Coach,C,GER,Germany
1880657,MUKHAMEDOVA Rano,Female,Coach,C,UZB,Uzbekistan
1880659,VLASOVA Liliya,Female,Coach,C,UZB,Uzbekistan
1887640,KHAN Pavel,Male,Coach,C,UZB,Uzbekistan
1887642,RAFALOVICH Maksim,Male,Coach,C,UZB,Uzbekistan
1887644,KHAN Vladimir,Male,Coach,C,UZB,Uzbekistan
1887648,BAYKUZIYEV Jasur,Male,Coach,C,UZB,Uzbekistan
1888131,PAKKAN Saim,Male,Assistant Coach,C,SRB,Serbia
1888241,NISHIIRI Toshihiro,Male,Goalkeeper Coach,C,JPN,Japan
1888242,IKEDA Futoshi,Male,Head Coach,C,JPN,Japan
1888246,MIYAMOTO Tomomi,Female,Assistant Coach,C,JPN,Japan
1888338,MENEZES Jude,Male,Head Coach,C,JPN,Japan
1888344,OZAWA Kazuyuki,Male,Assistant Coach,C,JPN,Japan
1888372,ERSIMSEK Ahmetcan,Male,Assistant Coach,C,SRB,Serbia
1888498,ROTHMAN Neville,Male,Assistant Coach,C,IRL,Ireland
1891425,GELLE Noemi Katalin,Female,Coach,C,HUN,Hungary
1891653,NAGANUMA Atsushi,Male,Assistant Coach,C,JPN,Japan
1891659,HAZUI Shota,Male,Assistant Coach,C,JPN,Japan
1891667,SHIOTA Yoshinori,Male,Head Coach,C,JPN,Japan
1891684,KAWAI Mayo,Female,Coach,C,JPN,Japan
1891686,KASHIMA Tomoyo,Female,Coach,C,JPN,Japan
1891688,NAKAJIMA Takako,Female,Coach,C,JPN,Japan
1892047,KAPADZE Timur,Male,Head Coach,C,UZB,Uzbekistan
1892050,CHIGODAEV Sergey,Male,Assistant Coach,C,UZB,Uzbekistan
1893216,GILLE Guillaume,Male,Head Coach,C,FRA,France
1893217,MATHE Erick,Male,Assistant Coach,C,FRA,France
1893323,ALONSO TAPIA Rosendo,Male,Coach,C,FRA,France
1893324,ALONSO TAPIA Gulsah,Female,Coach,C,FRA,France
1893325,JUNG Woomin,Male,Coach,C,FRA,France
1894657,WILLE Jonas,Male,Head Coach,C,NOR,Norway
1894659,EGE Steinar,Male,Assistant Coach,C,NOR,Norway
1894661,BOQUIST Martin,Male,Assistant Coach,C,NOR,Norway
1894662,OLSSON Mats,Male,Assistant Coach,C,NOR,Norway
1894663,HERGEIRSSON Thorir,Male,Head Coach,C,NOR,Norway
1894666,LARSEN Tonje,Female,Assistant Coach,C,NOR,Norway
1894756,JOERGENSEN Michael,Male,Coach,C,NOR,Norway
1895149,DRASOCZKY Imre,Male,Coach,C,HUN,Hungary
1895269,BRUUN Michael,Male,Assistant Coach,C,DEN,Denmark
1895270,JOERGENSEN Lars,Male,Assistant Coach,C,DEN,Denmark
1895275,KRONBORG Henrik,Male,Assistant Coach,C,DEN,Denmark
1895276,JACOBSEN Nikolaj,Male,Head Coach,C,DEN,Denmark
1895279,JENSEN Jesper,Male,Head Coach,C,DEN,Denmark
1895408,SOYEZ Frederic,Male,Head Coach,C,FRA,France
1895409,SALA Ramon,Male,Assistant Coach,C,FRA,France
1895410,LOMBI Jorge,Male,Assistant Coach,C,FRA,France
1895517,SZUCS Robert,Male,Coach,C,HUN,Hungary
1895520,TRENKA Janos,Male,Coach,C,HUN,Hungary
1896158,HARVEY Mike,Male,Coach,C,GBR,Great Britain
1896160,MAIZEROI Torann,Male,Coach,C,GBR,Great Britain
1896164,MILLER Nelson,Male,Coach,C,GBR,Great Britain
1896167,STAMPER Martin,Male,Coach,C,GBR,Great Britain
1896246,POLJAKOVA Shanna,Female,Coach,C,GER,Germany
1896251,BELENKI Valeri,Male,Coach,C,GER,Germany
1896252,CATANOIU Grigore,Male,Coach,C,GER,Germany
1896253,BRYLOK Hubert,Male,Coach,C,GER,Germany
1896258,TEMME Kay,Male,Coach,C,GER,Germany
1896262,PFEFFER Camilla,Female,Coach,C,GER,Germany
1896275,RASKINA Yuliya,Female,Coach,C,GER,Germany
1896279,CAMICIOTTI Giacomo,Male,Coach,C,GER,Germany
1896290,DUNAVSKA MINEKOVA Kameliya,Female,Coach,C,GER,Germany
1896562,PARECKI Antoni Jerzy,Male,Assistant Coach,C,JPN,Japan
1896698,SNYMAN Philip,Male,Head Coach,C,RSA,South Africa
1896700,LUCKAN Ghafoer,Male,Assistant Coach,C,RSA,South Africa
1897091,GONZALEZ NUNEZ Arlen,Male,Coach,C,CUB,Cuba
1897234,SHARABI Yechiam,Male,Coach,C,ISR,Israel
1897292,BLECHER SIDOROVA Svetlana,Female,Coach,C,ISR,Israel
1897395,ABDELRAHMAN Osama,Male,Coach,C,EGY,Egypt
1897398,YOUSSEF Mohamed,Male,Coach,C,EGY,Egypt
1897518,ZAITSEVA Olesia,Female,Coach,C,UKR,Ukraine
1897547,SARTYNSKYI Gennadii,Male,Coach,C,UKR,Ukraine
1897548,GORBACHEVA Iryna,Female,Coach,C,UKR,Ukraine
1897550,KAIUKOVA Iuliia,Female,Coach,C,UKR,Ukraine
1897590,DERYUGINA Iryna,Female,Coach,C,UKR,Ukraine
1897591,BLOKHINA Iryna,Female,Coach,C,UKR,Ukraine
1897592,KARDASH Maryna,Female,Coach,C,UKR,Ukraine
1897594,VASYLIEVA Marharyta,Female,Coach,C,UKR,Ukraine
1897752,KHOLOD Maryna,Female,Coach,C,NZL,New Zealand
1897775,RA Sanghyun,Male,Coach,C,FIJ,Fiji
1897904,KIM Hyou Mi,Female,Coach,C,KOR,Korea
1898398,ROSILLO ATENCIA Jose Antonio,Male,Coach,C,NOR,Norway
1898540,LAI Yawen,Female,Assistant Coach,C,CHN,China
1898944,HERBERT Gordie,Male,Coach,C,GER,Germany
1898950,THOMAIDIS Lisa,Female,Coach,C,GER,Germany
1898951,PARSONS Sidney,Female,Assistant Coach,C,GER,Germany
1898953,MEADOWS Clarissa,Female,Assistant Coach,C,GER,Germany
1898956,THUSS Anne,Female,Coach,C,GER,Germany
1898959,PERWAS Klaus,Male,Assistant Coach,C,GER,Germany
1898960,BRIELMEIER Bret,Male,Coach,C,GER,Germany
1898962,HERBERT Daniel,Male,Assistant Coach,C,GER,Germany
1899054,REVINGTON Paul,Male,Head Coach,C,GBR,Great Britain
1899056,BROWNE Kwan,Male,Coach,C,GBR,Great Britain
1899057,GLYNN Katie,Female,Assistant Coach,C,GBR,Great Britain
1899058,HICKMAN Mark,Male,Coach,C,GBR,Great Britain
1899060,PAUL Jody,Male,Coach,C,GBR,Great Britain
1899061,RALPH David,Male,Head Coach,C,GBR,Great Britain
1899062,SIEBEN Craig,Male,Coach,C,GBR,Great Britain
1899085,GRESKOWIAK Arne,Male,Coach,C,GER,Germany
1899175,HOLGUIN Ramon,Male,Coach,C,DOM,Dominican Republic
1899285,WUDTKE Erik,Male,Assistant Coach,C,GER,Germany
1899286,BEPPLER Jochen,Male,Assistant Coach,C,GER,Germany
1899289,ANDERSSON Mattias,Male,Assistant Coach,C,GER,Germany
1899294,GISLASON Alfred,Male,Head Coach,C,GER,Germany
1899296,GAUGISCH Markus,Male,Head Coach,C,GER,Germany
1899298,JANKOVIC Jasmina,Female,Assistant Coach,C,GER,Germany
1900728,HENRY Thierry,Male,Head Coach,C,FRA,France
1900729,BATICLE Gerald,Male,Assistant Coach,C,FRA,France
1900730,CLICHY Gael,Male,Assistant Coach,C,FRA,France
1900731,JANOT Jeremie,Male,Goalkeeper Coach,C,FRA,France
1901253,PEREIRA BRAVO Joao,Male,Assistant Coach,C,CAN,Canada
1901258,SAMMELVUO Tuomas,Male,Head Coach,C,CAN,Canada
1901261,HAWKINS Michael,Male,Assistant Coach,C,CAN,Canada
1901805,ZHENG Wei,Female,Coach,C,CHN,China
1901806,JIA Nan,Male,Coach,C,CHN,China
1901810,PARK Myungsoo,Male,Assistant Coach,C,CHN,China
1901818,RUPEREZ Cesar,Male,Assistant Coach,C,CHN,China
1901832,USUI Tomohiro,Male,Coach,C,JPN,Japan
1901835,KONNO Kakeru,Male,Assistant Coach,C,JPN,Japan
1901836,SUZUKI Yoshikazu,Male,Assistant Coach,C,JPN,Japan
1901839,ONZUKA Toru,Male,Coach,C,JPN,Japan
1901846,SASSA Norio,Male,Coach,C,JPN,Japan
1901849,GAINES Corey,Male,Assistant Coach,C,JPN,Japan
1901850,HOVASSE Tom,Male,Coach,C,JPN,Japan
1901851,KATSUHISA Geoffrey,Male,Assistant Coach,C,JPN,Japan
1902695,CHOI Chatchai,Male,Coach,C,THA,Thailand
1902795,SONKHAM Chanatip,Female,Coach,C,THA,Thailand
1902914,RUSEK Pawel,Male,Assistant Coach,C,POL,Poland
1902918,GRBIC Nikola,Male,Head Coach,C,POL,Poland
1902919,SWACZYNA Adam,Male,Assistant Coach,C,POL,Poland
1903371,MATOSEVIC Valter,Male,Assistant Coach,C,CRO,Croatia
1903379,SIGURDSSON Dagur,Male,Head Coach,C,CRO,Croatia
1903381,SPOLJARIC Denis,Male,Assistant Coach,C,CRO,Croatia
1903569,DUPUIS Kevin,Male,Coach,C,FRA,France
1903570,GEORGE Martine,Female,Coach,C,FRA,France
1903575,POTAPENKO Valentin,Male,Coach,C,FRA,France
1903577,HAGARD Monique,Female,Coach,C,FRA,France
1903584,BARANOVA VOLCHETSKAYA Anna,Female,Coach,C,FRA,France
1903585,BAYON Sara,Female,Coach,C,FRA,France
1903590,GUILLIERE Katia,Female,Coach,C,FRA,France
1903594,MILAN Gregory,Male,Coach,C,FRA,France
1903707,ABDELFATTAH Aziza,Female,Coach,C,EGY,Egypt
1903722,MOHAMED Mai,Female,Coach,C,EGY,Egypt
1903754,LATIF Yasmine,Female,Coach,C,EGY,Egypt
1903771,FABRE Julie,Female,Coach,C,FRA,France
1903772,OBRY Laure,Female,Coach,C,FRA,France
1903773,ANNEQUIN Marie,Female,Coach,C,FRA,France
1903829,ANGILLIS Pascal,Male,Assistant Coach,C,BEL,Belgium
1903832,KAISER Pierre-Yves,Male,Coach,C,BEL,Belgium
1903833,LORENT Jill,Female,Assistant Coach,C,BEL,Belgium
1903888,de SCHEPPER Bram,Male,Coach,C,BEL,Belgium
1903889,DECKX Stefan,Male,Coach,C,BEL,Belgium
1903900,RECKINGER Xavier,Male,Assistant Coach,C,BEL,Belgium
1904214,JEONG Eul Jin,Male,Coach,C,KOR,Korea
1904215,KANG Bo Hyeon,Female,Coach,C,KOR,Korea
1904220,LEE Dongchul,Male,Coach,C,KOR,Korea
1904221,OH Hyeri,Female,Coach,C,KOR,Korea
1904223,SON Hyo Bong,Male,Coach,C,KOR,Korea
1904759,BEAGLEY Michael,Male,Coach,C,GBR,Great Britain
1904761,CLAY Jenny,Female,Coach,C,GBR,Great Britain
1904762,COLLIE Barry,Male,Coach,C,GBR,Great Britain
1904765,HALL Paul,Male,Coach,C,GBR,Great Britain
1904766,HANN Scott,Male,Coach,C,GBR,Great Britain
1904767,HOWELLS Ben,Male,Coach,C,GBR,Great Britain
1904768,INCE Brett,Male,Coach,C,GBR,Great Britain
1904769,KENWRIGHT David,Male,Coach,C,GBR,Great Britain
1904771,RICHARDSON Joshua,Male,Coach,C,GBR,Great Britain
1904772,RICHARDSON Molly,Female,Coach,C,GBR,Great Britain
1904775,TRANDABURU Ionut,Male,Coach,C,GBR,Great Britain
1904996,JANKOVSKY Viktor,Male,Coach,C,CZE,Czechia
1904998,ZHEREBCHEVSKYI Anton,Male,Coach,C,CZE,Czechia
1904999,HYBRANT Bohuslav,Male,Coach,C,CZE,Czechia
1906041,FOULARD Gael,Male,Head Coach,C,FRA,France
1906042,JAQUET Nicolas,Male,Assistant Coach,C,FRA,France
1906448,LORANTOS Theodoros,Male,Head Coach,C,FRA,France
1906454,DERENTY Lorene,Female,Assistant Coach,C,FRA,France
1906462,BRUZZO Florian,Male,Head Coach,C,FRA,France
1906468,KOBESCAK Vjekoslav,Male,Assistant Coach,C,FRA,France
1908234,MENDEZ Marcelo,Male,Head Coach,C,ARG,Argentina
1908241,LOPEZ Martin,Male,Assistant Coach,C,ARG,Argentina
1908245,RICO GOLBA Pablo,Male,Assistant Coach,C,ARG,Argentina
1908299,ALVAREZ Jorge,Male,Coach,C,ARG,Argentina
1908401,ARROYO Gavin,Male,Assistant Coach,C,USA,United States
1908402,UDOVICIC Dejan,Male,Head Coach,C,USA,United States
1908403,USTASZEWSKI Matt,Male,Assistant Coach,C,USA,United States
1908408,CAHILL Molly,Female,Assistant Coach,C,USA,United States
1908409,KRIKORIAN Adam,Male,Head Coach,C,USA,United States
1908410,OEDING Chris,Male,Assistant Coach,C,USA,United States
1908549,AMADOU Soumaila,Male,Coach,C,NIG,Niger
1908649,KWIEK Marcos,Male,Head Coach,C,DOM,Dominican Republic
1908654,ROCHA PACHECO Wagner,Male,Assistant Coach,C,DOM,Dominican Republic
1908776,YAMAMOTO Hayato,Male,Assistant Coach,C,JPN,Japan
1908788,AMOR Simon Daniel Edward,Male,Head Coach,C,JPN,Japan
1908796,SUZUKI Takashi,Male,Head Coach,C,JPN,Japan
1908800,SAKATA Takahiro,Male,Assistant Coach,C,JPN,Japan
1908801,UMEDA Koichi,Male,Assistant Coach,C,JPN,Japan
1908804,KANEMATSU Yuka,Female,Assistant Coach,C,JPN,Japan
1908808,SANCHEZ DURAN Wilson,Male,Assistant Coach,C,DOM,Dominican Republic
1908861,ZHANG Xiaohuan,Female,Coach,C,CHN,China
1908862,WANG Jiuli,Female,Coach,C,CHN,China
1908863,HE Xiaochu,Female,Coach,C,CHN,China
1908864,SHEN Yingsha,Female,Coach,C,CHN,China
1908865,TARRES CAMPA Ana,Female,Coach,C,CHN,China
1908866,ZHAO Dantong,Female,Coach,C,CHN,China
1909191,BUGDAEV Kurban,Male,Coach,C,KSA,Saudi Arabia
1909799,ASMOLOV Natalia,Female,Coach,C,ISR,Israel
1909813,MAYRIN Ida,Female,Coach,C,ISR,Israel
1909827,SZUCS Krisztian,Male,Coach,C,HUN,Hungary
1909847,STSIAPANAVA Natalia,Female,Coach,C,ISR,Israel
1909857,VAISBURG Sergei,Male,Coach,C,ISR,Israel
1909866,KLEFNER BEN SHIMOL Moran,Female,Coach,C,ISR,Israel
1909923,ELNAFRAWY Mohamed,Male,Assistant Coach,C,EGY,Egypt
1909939,BEN JABALLAH Maaouia,Male,Coach,C,TUN,Tunisia
1910378,GUAN Jianmin,Male,Coach,C,CHN,China
1910380,KIM Young Jin,Male,Coach,C,CHN,China
1910382,KONG Fantao,Female,Coach,C,CHN,China
1910489,ZUSSMAN Ayelet,Female,Coach,C,ISR,Israel
1910511,SAMOFALOV Ela,Female,Coach,C,ISR,Israel
1911256,ARZA Carlos Vivier,Male,Head Coach,C,ANG,Angola
1912238,CATITO Nelson,Male,Assistant Coach,C,ANG,Angola
1913681,CAI Bin,Male,Head Coach,C,CHN,China
1913682,LI Yanlong,Male,Assistant Coach,C,CHN,China
1913683,YUAN Zhi,Male,Assistant Coach,C,CHN,China
1914566,HYTTEL Tobias,Male,Coach,C,DEN,Denmark
1914822,SETTA Tarik,Male,Coach,C,DEN,Denmark
1914903,ACHARKI Aziz,Male,Coach,C,DEN,Denmark
1915796,TUCAK Ivica,Male,Head Coach,C,CRO,Croatia
1915797,POSINKOVIC Renco,Male,Assistant Coach,C,CRO,Croatia
1915807,MARELJA Jure,Male,Assistant Coach,C,CRO,Croatia
1915986,COURTEIX David,Male,Head Coach,C,FRA,France
1915987,IGARZA Germain,Male,Assistant Coach,C,FRA,France
1917115,COULIBALY Abdoulaye,Male,Assistant Coach,C,MLI,Mali
1917164,DIALLO Badara Alou,Male,Head Coach,C,MLI,Mali
1917720,DUNPHY Marv,Male,2nd Assistant Coach,C,USA,United States
1917721,KIRALY Karch,Male,Head Coach,C,USA,United States
1917722,MIYASHIRO Tama,Female,Assistant Coach,C,USA,United States
1917723,REFT Alfee,Male,Assistant Coach,C,USA,United States
1917725,VIRTUE Erin,Female,Assistant Coach,C,USA,United States
1917858,BROWN Gareth,Male,Coach,C,USA,United States
1918016,FUERBRINGER Matt,Male,Assistant Coach,C,USA,United States
1918018,SPERAW John,Male,Head Coach,C,USA,United States
1918019,WEBER Javi,Male,Assistant Coach,C,USA,United States
1918026,WALL Mike,Male,Assistant Coach,C,USA,United States
1918543,TOKUMOTO Yukito,Male,Assistant Coach,C,JPN,Japan
1918556,BLAIN Philippe,Male,Head Coach,C,JPN,Japan
1918560,FUKATSU Takayuki,Male,Assistant Coach,C,JPN,Japan
1918568,ITOH Kenji,Male,Assistant Coach,C,JPN,Japan
1918571,MANABE Masayoshi,Male,Head Coach,C,JPN,Japan
1918572,KAWAKITA Gen,Male,Assistant Coach,C,JPN,Japan
1918766,REZA Surian,Male,Coach,C,NZL,New Zealand
1918882,CHEN Wei,Male,Coach,C,CHN,China
1918883,HE Hua,Female,Coach,C,CHN,China
1918884,JIN Weiguo,Male,Coach,C,CHN,China
1918885,LI Dezhi,Male,Coach,C,CHN,China
1918886,LIU Jinyu,Male,Coach,C,CHN,China
1918887,LIU Tao,Male,Coach,C,CHN,China
1918889,LU le,Male,Coach,C,CHN,China
1918890,SUN Ping,Female,Coach,C,CHN,China
1918891,TENG Haibin,Male,Coach,C,CHN,China
1918893,WANG Liming,Male,Coach,C,CHN,China
1918894,XU Jinglei,Female,Coach,C,CHN,China
1918895,ZHANG Haiyan,Female,Coach,C,CHN,China
1918896,ZHENG Hao,Male,Coach,C,CHN,China
1918907,YE Sheng,Male,Coach,C,CHN,China
1919322,SOTOMURA Kazutoshi,Male,Coach,C,JPN,Japan
1919328,SHINTAKU Yuya,Male,Coach,C,JPN,Japan
1919335,TOYOSHIMA Risa,Female,Coach,C,JPN,Japan
1919338,TANAKA Hikaru,Male,Coach,C,JPN,Japan
1919341,SATO Hiroaki,Male,Coach,C,JPN,Japan
1919343,SAITO Yoshihiro,Male,Coach,C,JPN,Japan
1919511,JUN Jung Hooi,Male,Coach,C,TJK,Tajikistan
1919719,LIKHADZIYEUSKI Anatoli,Male,Coach,C,AIN,AIN
1919734,ANTONYAN Sahak,Male,Coach,C,ARM,Armenia
1919736,BERZHETS Viachaslau,Male,Coach,C,AIN,AIN
1919740,NAZARYAN Hayk,Male,Coach,C,ARM,Armenia
1919741,OGANESIANTC Avetis,Male,Coach,C,AIN,AIN
1921141,de GIORGI Ferdinando,Male,Head Coach,C,ITA,Italy
1921142,CAPONERI Massimo,Male,Assistant Coach,C,ITA,Italy
1921143,GIOLITO Nicola,Male,Assistant Coach,C,ITA,Italy
1921148,VELASCO Julio,Male,Head Coach,C,ITA,Italy
1921149,BARBOLINI Massimo,Male,Assistant Coach,C,ITA,Italy
1921150,BERNARDI Lorenzo,Male,Assistant Coach,C,ITA,Italy
1922666,van DAMME Koen,Male,Coach,C,BEL,Belgium
1924891,DUGONJIC Ivo Martin,Male,Head Coach,C,URU,Uruguay
1924892,PUIG CARPANETO Gabriel,Male,Assistant Coach,C,URU,Uruguay
1924915,PRUNSKAS Algimantas,Male,Coach,C,LTU,Lithuania
1925565,CAMPAGNA Alessandro,Male,Head Coach,C,ITA,Italy
1925566,SILIPO Carlo,Male,Head Coach,C,ITA,Italy
1925568,FARINELLI Roberta,Female,Coach,C,ITA,Italy
1925590,POMILIO Amedeo,Male,Assistant Coach,C,ITA,Italy
1925602,GIALLOMBARDO Patrizia,Female,Coach,C,ITA,Italy
1925620,di CECCA Cosimino,Male,Assistant Coach,C,ITA,Italy
1925740,JANECKOVA Katerina,Female,Coach,C,CZE,Czechia
1925948,LEAL COLMENAREZ Mario,Male,Coach,C,VEN,Venezuela
1926042,MOHAMMED Aisha,Female,Coach,C,NGR,Nigeria
1926057,GARCIA CABRERA David,Male,Coach,C,PUR,Puerto Rico
1926527,DELANEY Mike,Male,Assistant Coach,C,NZL,New Zealand
1926529,McALEESE Shea,Male,Assistant Coach,C,NZL,New Zealand
1926530,CLARK Gregg,Male,Assistant Coach,C,NZL,New Zealand
1926532,NICOL Greg,Male,Head Coach,C,NZL,New Zealand
1926601,MACKINTOSH Euan,Male,Assistant Coach,C,NZL,New Zealand
1926602,SWEENEY Cory,Male,Head Coach,C,NZL,New Zealand
1926603,GIBBS Rodney,Male,Assistant Coach,C,NZL,New Zealand
1926604,COCKER Edwin,Male,Assistant Coach,C,NZL,New Zealand
1926605,CAMA Tomasi,Male,Head Coach,C,NZL,New Zealand
1926606,ROSS Stu,Male,Assistant Coach,C,NZL,New Zealand
1926607,MURPHY Amanda,Female,Assistant Coach,C,NZL,New Zealand
1926612,McMASTER Travis,Male,Assistant Coach,C,NZL,New Zealand
1927174,ANNAN Alyson Regina,Female,Head Coach,C,CHN,China
1927222,LU Zhuan,Male,Head Coach,C,CHN,China
1927223,PASQUALETTI Massimo,Male,Assistant Coach,C,CHN,China
1927270,GOMEZ AGUERA Salvador Emilio,Male,Assistant Coach,C,CHN,China
1927271,JANE GIRALT Juan,Male,Head Coach,C,CHN,China
1927274,WU Zhiyu,Male,Assistant Coach,C,CHN,China
1927534,QU Tao,Female,Coach,C,CHN,China
1927535,SUN Dan,Female,Coach,C,CHN,China
1927537,XU Yanshu,Female,Coach,C,CHN,China
1927542,BLIZNYUK Anastasia,Female,Coach,C,CHN,China
1927873,LARHOLM Erik Jonas,Male,Assistant Coach,C,KOR,Korea
1927879,RADIC Vanja,Female,Assistant Coach,C,KOR,Korea
1927880,SIGNELL Kurt Henrik,Male,Head Coach,C,KOR,Korea
1927972,AGAFONTSEV Sergiy,Male,Coach,C,HKG,"Hong Kong, China"
1928060,KRCE Lucijan,Male,Coach,C,CRO,Croatia
1928061,MADAREVIC Vladimir,Male,Coach,C,CRO,Croatia
1928154,MWAPE Bruce,Male,Head Coach,C,ZAM,Zambia
1928466,LAVARINI Stefano,Male,Head Coach,C,POL,Poland
1928467,VETTORI Nicola,Male,Assistant Coach,C,POL,Poland
1928468,PACHLINSKI Krystian,Male,Assistant Coach,C,POL,Poland
1928469,SUFA Bartosz,Male,Assistant Coach,C,POL,Poland
1928714,NTHALA Charity,Female,Assistant Coach,C,ZAM,Zambia
1929274,KOHLOFFEL Markus,Male,Coach,C,EOR,EOR
1929291,ZAREEI SHAMSABADI Manni,Male,Coach,C,EOR,EOR
1929319,SABAH Asif,Male,Coach,C,EOR,EOR
1929643,YUSSUPOVA Aliya,Female,Coach,C,KAZ,Kazakhstan
1929644,DUISENGALIYEVA Danissa,Female,Coach,C,KAZ,Kazakhstan
1929663,NOLANO Claudio,Male,Coach,C,ITA,Italy
1929717,ALFARO RODRIGUEZ Santiago,Male,Assistant Coach,C,URU,Uruguay
1930009,LEE KIM Daniel,Male,Coach,C,URU,Uruguay
1930168,RENARD Herve,Male,Head Coach,C,FRA,France
1930169,BONADEI Laurent,Male,Assistant Coach,C,FRA,France
1930171,BLAHIC Eric,Male,Assistant Coach,C,FRA,France
1930172,FOUACHE Gilles,Male,Goalkeeper Coach,C,FRA,France
1930294,MAMAYEV Nursultan,Male,Coach,C,KAZ,Kazakhstan
1930295,KIM Kwangsu,Male,Coach,C,KAZ,Kazakhstan
1930296,BESBAYEV Olzhas,Male,Coach,C,KAZ,Kazakhstan
1930311,SAGYNAYEV Kanat,Male,Coach,C,KAZ,Kazakhstan
1930636,DOBLER Mauro,Male,Goalkeeper Coach,C,ARG,Argentina
1930646,ECHEVERRY Alex,Male,Assistant Coach,C,COL,Colombia
1930666,PHIRI Yona,Male,Goalkeeper Coach,C,ZAM,Zambia
1930695,GRAND'PIERRE Naomy Hope,Female,Coach,C,HAI,Haiti
1930765,LAMBDIN Stephen,Male,Coach,C,USA,United States
1930922,ABARCA Megan,Female,Coach,C,USA,United States
1931463,MWILA Florence,Female,Assistant Coach,C,ZAM,Zambia
1931488,ELFAKHARANY Hany,Male,Assistant Coach,C,EGY,Egypt
1931494,SIERRA MENDEZ Jose Manuel,Male,Assistant Coach,C,EGY,Egypt
1931502,PASTOR GOMEZ Juan Carlos,Male,Head Coach,C,EGY,Egypt
1931612,VATKIN Vladimir,Male,Coach,C,KAZ,Kazakhstan
1931614,KURBANOV Khussanzhan,Male,Coach,C,KAZ,Kazakhstan
1931616,KENESSOV Sapargali,Male,Coach,C,KAZ,Kazakhstan
1932162,ALMAAZMI Abdalla,Male,Coach,C,PLE,Palestine
1932176,RODRIGUEZ VAQUERO Jose Maria,Male,Head Coach,C,HUN,Hungary
1932535,VELASCO ENCINAS Miguel Angel,Male,Assistant Coach,C,HUN,Hungary
1933104,ZOLGHADRI Farzad,Male,Coach,C,BUL,Bulgaria
1933362,GOLOVIN Vlagyimir Alekszandrovics,Male,Head Coach,C,HUN,Hungary
1933372,PIGNICZKI Krisztina,Female,Assistant Coach,C,HUN,Hungary
1933474,MASCHERANO Javier,Male,Head Coach,C,ARG,Argentina
1933569,MARSIGLIA Angelo,Male,Head Coach,C,COL,Colombia
1933763,RODRIGUEZ Lucas,Male,Assistant Coach,C,ARG,Argentina
1934022,STILLITANO Leandro,Male,Assistant Coach,C,ARG,Argentina
1934443,AGUILAR ESTRADA Eduardo,Male,Assistant Coach,C,ESP,Spain
1934447,CALDAS Maximiliano,Male,Head Coach,C,ESP,Spain
1934451,GARCIA CUENCA Carlos,Male,Head Coach,C,ESP,Spain
1934452,GAVILAN MORAL Diego Manuel,Male,Coach,C,ESP,Spain
1934457,GUTIERREZ ZULAICA Lorena,Female,Coach,C,ESP,Spain
1934462,IGLESIAS BILBAO Alejandro,Male,Assistant Coach,C,ESP,Spain
1934463,JARO MOLINA Rafael,Male,Coach,C,ESP,Spain
1934464,LAZARO REINA Jordi,Male,Coach,C,ESP,Spain
1934466,MOVELLAN de la MAZA Borja,Male,Coach,C,ESP,Spain
1934467,PALOMERO MARTIN Oscar,Male,Coach,C,ESP,Spain
1934811,PEREZ Carlos,Male,Goalkeeper Coach,C,COL,Colombia
1934831,CANTWELL Lynne,Female,Head Coach,C,RSA,South Africa
1934833,DAZEL Renfred,Male,Head Coach,C,RSA,South Africa
1934834,MOLOPYANE Obakeng,Male,Assistant Coach,C,RSA,South Africa
1934835,PARKER Naasier,Male,Head Coach,C,RSA,South Africa
1934837,AFRIKA Cecil,Male,Assistant Coach,C,RSA,South Africa
1935326,WAKAMA Rena,Female,Coach,C,NGR,Nigeria
1935341,OLAJUWON Alon,Female,Coach,C,NGR,Nigeria
1935667,FUENTES Andrea,Female,Coach,C,USA,United States
1935669,TEIXEIRA Lara,Female,Coach,C,USA,United States
1935695,RUIZ CASAS Jairo,Male,Coach,C,COL,Colombia
1935699,LIM Alison,Female,Coach,C,COL,Colombia
1935822,ALONSO CALVO Adria,Male,Coach,C,ESP,Spain
1935823,BANGO MELCON Benjamin,Male,Coach,C,ESP,Spain
1935824,BOTELLA PEREZ de LANDAZAB Isaac,Male,Coach,C,ESP,Spain
1935825,CARRASCAL RUBIO Alvaro,Male,Coach,C,ESP,Spain
1935826,CASIMIRO ROS Javier,Male,Coach,C,ESP,Spain
1935827,GUISADO MUNOZ Lucia,Female,Coach,C,ESP,Spain
1935828,MARTINEZ SANCHEZ Manuel Angel,Male,Coach,C,ESP,Spain
1935829,MIR HOMAR Pedro,Male,Coach,C,ESP,Spain
1935830,RUEDA BRAVO Eva,Female,Coach,C,ESP,Spain
1935831,SAN JOSE CRISTOBAL Almudena,Female,Coach,C,ESP,Spain
1935832,BROWN LOPEZ Dagmara,Female,Coach,C,ESP,Spain
1935833,FERRANDEZ ARENAS Monica,Female,Coach,C,ESP,Spain
1935834,GARCIA GARCES Maria,Female,Coach,C,ESP,Spain
1935835,LINARES GARCIA Marta,Female,Coach,C,ESP,Spain
1935836,MALCHAIR SELECQUE Caroline Martine,Female,Coach,C,ESP,Spain
1935837,PELAZ MOTA Ana,Female,Coach,C,ESP,Spain
1935838,QUEREDA FLORES Alejandra,Female,Coach,C,ESP,Spain
1936384,KASSMAN Edward,Male,Coach,C,PNG,Papua New Guinea
1936918,PABLO Jose,Male,Assistant Coach,C,ANG,Angola
1938936,FERREIRINHA Jose,Male,Coach,C,POR,Portugal
1940069,CAPORN Adam,Male,Assistant Coach,C,AUS,Australia
1940074,GOORJIAN Brian,Male,Coach,C,AUS,Australia
1940075,CHAMBERS Cheryl,Female,Assistant Coach,C,AUS,Australia
1940078,PATRICK David,Male,Coach,C,AUS,Australia
1940088,NIELSEN Matt,Male,Assistant Coach,C,AUS,Australia
1940089,GORISS Paul,Male,Assistant Coach,C,AUS,Australia
1940092,CARROLL Ryan,Male,Coach,C,AUS,Australia
1940093,BRONDELLO Sandy,Female,Coach,C,AUS,Australia
1940094,SEEBHOM Shannon,Male,Coach,C,AUS,Australia
1940331,PYSMENNA Oksana,Female,Coach,C,KOR,Korea
1940570,CHOI Jungyeol,Male,Coach,C,KOR,Korea
1940575,KIM Daeeun,Male,Coach,C,KOR,Korea
1940578,KIM Jihoon,Male,Coach,C,KOR,Korea
1940583,LEE Sunsung,Male,Coach,C,KOR,Korea
1940584,MIN Ayoung,Female,Coach,C,KOR,Korea
1940930,CSEH Sandor Viktor,Male,Assistant Coach,C,HUN,Hungary
1941188,MUNALA Japheth,Male,Head Coach,C,KEN,Kenya
1941189,BARASA James,Male,Assistant Coach,C,KEN,Kenya
1941198,MIHOK Attila,Male,Head Coach,C,HUN,Hungary
1941323,TORTOSA Hugo,Male,Coach,C,LES,Lesotho
1941674,TOPARI Yusuf,Male,Coach,C,AUS,Australia
1941682,MITCHELL Katie,Female,Coach,C,AUS,Australia
1941683,BARABACH Mikhail,Male,Coach,C,AUS,Australia
1941685,WILSON Sean,Male,Coach,C,AUS,Australia
1941686,BELAN Tatsiana,Female,Coach,C,AUS,Australia
1941689,LI Xiaoqing,Female,Coach,C,AUS,Australia
1941847,DOUMBIA Bounafou,Male,Goalkeeper Coach,C,MLI,Mali
1941852,BARRETO Diego,Male,Goalkeeper Coach,C,PAR,Paraguay
1942626,DENIA Santi,Male,Head Coach,C,ESP,Spain
1942627,GORDO David,Male,Assistant Coach,C,ESP,Spain
1942638,MARTINEZ Ruben,Male,Goalkeeper Coach,C,ESP,Spain
1942803,ZIMMERMANN Matthieu,Male,Coach,C,BEL,Belgium
1942804,EHREN Raoul,Male,Head Coach,C,BEL,Belgium
1942806,McLEOD Shane,Male,Assistant Coach,C,BEL,Belgium
1942816,GAMBLUCH Leonardo,Male,Coach,C,BEL,Belgium
1942828,VARGA Zsolt,Male,Head Coach,C,HUN,Hungary
1942869,UGLESSICH Mariano,Male,Assistant Coach,C,PAR,Paraguay
1943302,HAYES Emma,Female,Head Coach,C,USA,United States
1943308,REDDY Denise,Female,Assistant Coach,C,USA,United States
1943311,SEARLE Stuart,Male,Goalkeeper Coach,C,USA,United States
1943842,JARA SAGUIER Carlos,Male,Head Coach,C,PAR,Paraguay
1944188,COVELO Alex,Male,Assistant Coach,C,USA,United States
1944189,MITROVIC Marko,Male,Head Coach,C,USA,United States
1944190,PAYNE Russell,Male,Goalkeeper Coach,C,USA,United States
1944191,SEGARES Gonzalo,Male,Assistant Coach,C,USA,United States
1944971,MAYNE Michael,Male,Head Coach,C,NZL,New Zealand
1944972,REED Duncan,Male,Goalkeeper Coach,C,NZL,New Zealand
1944973,BAZELEY Darren,Male,Head Coach,C,NZL,New Zealand
1944974,GOTHARD Paul,Male,Goalkeeper Coach,C,NZL,New Zealand
1944977,READINGS Tony,Male,Assistant Coach,C,NZL,New Zealand
1944979,ELLIOTT Simon,Male,Assistant Coach,C,NZL,New Zealand
1945000,SARVER Keri,Female,Assistant Coach,C,NZL,New Zealand
1945433,POTTER Anthony,Male,Assistant Coach,C,AUS,Australia
1945439,BATCH Colin,Male,Head Coach,C,AUS,Australia
1945443,STANIFORTH Dave,Male,Coach,C,AUS,Australia
1945447,MURRAY Emma,Female,Assistant Coach,C,AUS,Australia
1945451,PURVIS Hugh,Male,Assistant Coach,C,AUS,Australia
1945457,DAVY Jeremy,Male,Coach,C,AUS,Australia
1945459,POWELL Katrina,Female,Head Coach,C,AUS,Australia
1945474,HAMMOND Rob,Male,Coach,C,AUS,Australia
1945548,LU Xiaohui,Male,Head Coach,C,CHN,China
1945549,ZHU Jiangtao,Male,Head Coach,C,CHN,China
1945550,MA Chong,Male,Head Coach,C,CHN,China
1945552,ZHU Jing,Male,Head Coach,C,CHN,China
1946315,CARNELI Ryan,Male,Coach,C,AUS,Australia
1946317,LEE Seokhun,Male,Coach,C,AUS,Australia
1946582,MACCARANI Emanuela,Female,Coach,C,ITA,Italy
1946583,ROVETTA Valentina,Female,Coach,C,ITA,Italy
1946585,MANCINELLI Claudia,Female,Coach,C,ITA,Italy
1946907,ABDULLAYEV Mammad,Male,Coach,C,AZE,Azerbaijan
1947221,RADONIC Vesna,Female,Coach,C,MNE,Montenegro
1947623,YANITSAS Andrew,Male,Assistant Coach,C,AUS,Australia
1947628,DENIS Eddie,Male,Assistant Coach,C,AUS,Australia
1947636,RIPPON Bec,Female,Head Coach,C,AUS,Australia
1947637,WOODS Taryn,Female,Assistant Coach,C,AUS,Australia
1947638,HAMILL Tim,Male,Head Coach,C,AUS,Australia
1947758,SULTANOV Yesbol,Male,Coach,C,TUN,Tunisia
1947762,HECHMI Jendoubi,Male,Coach,C,TUN,Tunisia
1948319,MARTIN CEDRES Ambrosio Jose,Male,Head Coach,C,ESP,Spain
1948320,MONTES AGUERA Cesar Jesus,Male,Assistant Coach,C,ESP,Spain
1948321,PRADES PONS Jose Ignacio,Male,Assistant Coach,C,ESP,Spain
1948322,RIBERA ROMANS Jordi,Male,Head Coach,C,ESP,Spain
1948429,JAKOVLJEVIC Nenad,Male,Coach,C,SRB,Serbia
1948431,KOSTIC Oliver,Male,Assistant Coach,C,SRB,Serbia
1948432,MARINOVIC Marko,Male,Assistant Coach,C,SRB,Serbia
1948433,PESIC Svetislav,Male,Coach,C,SRB,Serbia
1948434,STOJAKOVIC Ognjen,Male,Coach,C,SRB,Serbia
1948438,SEKULIC Marko,Male,Coach,C,SRB,Serbia
1948749,BUTULIJA Dajana,Female,Assistant Coach,C,SRB,Serbia
1948750,DRLJACA Ljubica,Female,Assistant Coach,C,SRB,Serbia
1948752,MALJKOVIC Marina,Female,Coach,C,SRB,Serbia
1948764,PAGE Danielle Nicole,Female,Coach,C,SRB,Serbia
1948904,BEATTIE Ciaran,Male,Head Coach,C,GBR,Great Britain
1948911,NOLAN James,Male,Assistant Coach,C,GBR,Great Britain
1948913,PUGH Richie,Male,Head Coach,C,GBR,Great Britain
1948914,RIDDELL Scott,Male,Assistant Coach,C,GBR,Great Britain
1948915,ROQUES Tony,Male,Head Coach,C,GBR,Great Britain
1948979,JANIC Bojan,Male,Assistant Coach,C,SRB,Serbia
1948980,JEVTIC Ivica,Male,Assistant Coach,C,SRB,Serbia
1948981,KOLAKOVIC Igor,Male,Head Coach,C,SRB,Serbia
1948983,MAJSTOROVIC Neven,Male,Assistant Coach,C,SRB,Serbia
1949017,BUTARBUTAR Eva,Female,Coach,C,INA,Indonesia
1949063,BLAGOJEVIC Jelena,Female,Assistant Coach,C,SRB,Serbia
1949064,GUIDETTI Giovanni,Male,Head Coach,C,SRB,Serbia
1949394,TUDELA PERRET Matias,Male,Head Coach,C,ESP,Spain
1949402,HERNANDEZ JIMENEZ Francisco de Pau.,Male,Head Coach,C,ESP,Spain
1949458,KOCH Ulla,Female,Coach,C,BEL,Belgium
1949459,van den HEUVEL Michel,Male,Head Coach,C,BEL,Belgium
1949468,MALDONADO Oscar,Male,Coach,C,DOM,Dominican Republic
1949531,MATEO BATISTA Ruddy,Male,Coach,C,DOM,Dominican Republic
1949864,LAACHRAOUI Mourad,Male,Coach,C,BEL,Belgium
1949874,MEZIANE Rachid,Male,Coach,C,BEL,Belgium
1950176,BARTON Emilee,Female,Assistant Coach,C,AUS,Australia
1950180,STANNARD James,Male,Assistant Coach,C,AUS,Australia
1950182,MANENTI John,Male,Head Coach,C,AUS,Australia
1950187,WALSH Timothy,Male,Head Coach,C,AUS,Australia
1950509,BYDWELL Emilie,Female,Head Coach,C,USA,United States
1950510,TEST Zack,Male,Assistant Coach,C,USA,United States
1950515,FORD Trey,Male,Assistant Coach,C,USA,United States
1950520,FRIDAY Mike,Male,Head Coach,C,USA,United States
1950521,GREENING Phil,Male,Assistant Coach,C,USA,United States
1951636,FERREIRA Marcel,Male,Coach,C,BRA,Brazil
1951639,KARFUNKELSTEIN Rogerio,Male,Coach,C,BRA,Brazil
1952532,SPLITTER Tiago,Male,Assistant Coach,C,BRA,Brazil
1953168,HAMANO Yukiya,Male,Goalkeeper Coach,C,JPN,Japan
1953169,HANEDA Kenji,Male,Assistant Coach,C,JPN,Japan
1953170,OIWA Go,Male,Head Coach,C,JPN,Japan
1953555,CUNHA Thiago,Male,Assistant Coach,C,EGY,Egypt
1953646,ALBINO Cristiano,Male,Coach,C,BRA,Brazil
1953647,BISCALCHIN Daniel,Male,Coach,C,BRA,Brazil
1953649,PORATH Francisco,Male,Coach,C,BRA,Brazil
1953652,YASHENKO Iryna,Female,Coach,C,BRA,Brazil
1953686,ROSA Bruna,Female,Coach,C,BRA,Brazil
1953687,FEREZIN Camila,Female,Coach,C,BRA,Brazil
1953695,NAVES Marcia,Female,Coach,C,BRA,Brazil
1953710,PEREIRA Alexandro,Male,Coach,C,BRA,Brazil
1953713,FIGUEIREDO Tatiana,Female,Coach,C,BRA,Brazil
1954067,FUCHS Tracey,Female,Assistant Coach,C,USA,United States
1954068,PASSMORE David,Male,Head Coach,C,USA,United States
1954069,TELECHEA Javi,Male,Assistant Coach,C,USA,United States
1954409,MATHEUS Carlos,Male,Coach,C,BRA,Brazil
1954411,DOMINGUES Felipe,Male,Coach,C,BRA,Brazil
1954413,POSSENTI Fernando,Male,Coach,C,BRA,Brazil
1954426,ONHA MARQUES Sergio,Male,Coach,C,BRA,Brazil
1954481,FEW Mark,Male,Coach,C,USA,United States
1954482,KERR Steve,Male,Coach,C,USA,United States
1954483,LUE Tyronn,Male,Assistant Coach,C,USA,United States
1954484,SPOELSTRA Erik,Male,Assistant Coach,C,USA,United States
1954499,LAWSON Kara,Female,Coach,C,USA,United States
1954500,MILLER Curt,Male,Coach,C,USA,United States
1954501,REEVE Cheryl,Female,Coach,C,USA,United States
1954502,TAYLOR Joni,Female,Assistant Coach,C,USA,United States
1954503,THIBAULT Mike,Male,Assistant Coach,C,USA,United States
1954505,WRIGHT Tanisha,Female,Coach,C,USA,United States
1954672,KOLINISAU Ratu Osea,Male,Head Coach,C,FIJ,Fiji
1955000,ARENHART ALVES Ismael,Male,Assistant Coach,C,BRA,Brazil
1955021,BRODERICK William,Male,Head Coach,C,BRA,Brazil
1955060,FERRER Alexander,Male,Coach,C,BRA,Brazil
1955820,dos SANTOS Clayton,Male,Coach,C,BRA,Brazil
1955822,RIBEIRO Diego,Male,Coach,C,BRA,Brazil
1955881,NAMAUA Tikiko,Male,Assistant Coach,C,FIJ,Fiji
1955954,KLAMBURG ROQUE Paula,Female,Coach,C,AUS,Australia
1955958,ONO Shoko,Female,Coach,C,AUS,Australia
1956101,SOARES Mateus Joao Felgueiras,Male,Coach,C,TLS,Timor-Leste
1956202,LUZON Guy,Male,Head Coach,C,ISR,Israel
1956206,CHOEN Haim,Male,Assistant Coach,C,ISR,Israel
1956383,BUTALA-KOVACIC Petra,Female,Coach,C,SRB,Serbia
1956384,JOVIC Dragan,Male,Coach,C,SRB,Serbia
1956385,SAVICEVIC Veljko,Male,Coach,C,SRB,Serbia
1956422,BUCHNIK Victor,Male,Goalkeeper Coach,C,ISR,Israel
1956472,BILIC Darko,Male,Assistant Coach,C,SRB,Serbia
1956473,CIRIC Stefan,Male,Assistant Coach,C,SRB,Serbia
1956476,STEVANOVIC Uros,Male,Head Coach,C,SRB,Serbia
1956655,TAAFFE Robert,Male,Coach,C,IRL,Ireland
1956699,NSILU DILANDU Leroy,Male,Coach,C,IRL,Ireland
1956722,EFTIMOV Aleksandar,Male,Coach,C,MKD,North Macedonia
1957027,ADEL MOSTAFA,Male,Assistant Coach,C,EGY,Egypt
1957190,FUJIKI Mayuko,Female,Coach,C,ESP,Spain
1957191,JIMENEZ NIETO Cecilia,Female,Coach,C,ESP,Spain
1957192,REQUENA PERICAS Judit,Female,Coach,C,ESP,Spain
1957193,VEGA HERRERO Anna,Female,Coach,C,ESP,Spain
1957222,ANDREO GABAN Angel Luis,Male,Assistant Coach,C,ESP,Spain
1957223,APARICIO SUNEN Antonio Francisco,Male,Assistant Coach,C,ESP,Spain
1957224,IVANOV PIRALKOV Svilen,Male,Assistant Coach,C,ESP,Spain
1957225,MARTIN LOZANO David,Male,Head Coach,C,ESP,Spain
1957226,OCA GAIA Miguel Angel,Male,Head Coach,C,ESP,Spain
1957227,VALLS NART Jordi,Male,Assistant Coach,C,ESP,Spain
1957429,KERTESZNE BORKAI Anita,Female,Coach,C,HUN,Hungary
1957645,CAMPODONICO Marco,Male,Coach,C,ITA,Italy
1957768,CASELLA Enrico,Male,Coach,C,ITA,Italy
1958557,ZHOU Tianke,Female,Coach,C,LAO,Lao PDR
1958748,ALLER CARBALLO Manuel Angel,Male,Coach,C,ESP,Spain
1958749,CAMPS SAN JOSE Salvador,Male,Coach,C,ESP,Spain
1958751,FERNANDEZ TARGARONA Isaac,Male,Coach,C,ESP,Spain
1958752,GARCIA GUADARRAMA Victor Jesus,Male,Coach,C,ESP,Spain
1958754,GUIL Luis,Male,Assistant Coach,C,ESP,Spain
1958756,MENDEZ Miguel,Male,Coach,C,ESP,Spain
1958758,REY Luis,Male,Assistant Coach,C,ESP,Spain
1958760,PRADO BRANAS Joaquin,Male,Coach,C,ESP,Spain
1958761,SANCHEZ CANETE CALVO Angel Luis,Male,Assistant Coach,C,ESP,Spain
1958763,SCARIOLO Sergio,Male,Coach,C,ESP,Spain
1958764,URIETA GUTIERREZ Madelen,Female,Assistant Coach,C,ESP,Spain
1959349,CAREY Brian,Male,Coach,C,USA,United States
1959353,LANDI Cecile,Female,Coach,C,USA,United States
1959368,BRECKENRIDGE Grant,Male,Coach,C,USA,United States
1959369,SUN Sonia,Female,Coach,C,USA,United States
1959382,GRABA Jess,Male,Coach,C,USA,United States
1959384,GAARENSTROOM Jordan,Male,Coach,C,USA,United States
1959395,LANDI Laurent,Male,Coach,C,USA,United States
1959400,KLIMOUK Natalia,Female,Coach,C,USA,United States
1959405,CAESAR Syque,Male,Coach,C,USA,United States
1959412,MIKULAK Sam,Male,Coach,C,USA,United States
1959432,LIUKIN Valeri,Male,Coach,C,USA,United States
1960844,BARRIEAU Jocelyn,Female,Assistant Coach,C,CAN,Canada
1960845,HANRATTY Jack,Male,Head Coach,C,CAN,Canada
1960848,MONAGHAN Iain,Male,Assistant Coach,C,CAN,Canada
1960860,JOYCE Jenn,Female,Assistant Coach,C,CAN,Canada
1961375,KONE Thierry,Male,Coach,C,CIV,Côte d'Ivoire
1961586,VOLAVOLA Timoci,Male,Assistant Coach,C,FIJ,Fiji
1961712,TUIFUA Tevita,Male,Head Coach,C,TGA,Tonga
1961720,OTUMULI Mavae,Male,Head Coach,C,TGA,Tonga
1961741,VAIANGINA Ekitino,Male,Head Coach,C,TGA,Tonga
1961751,LIUTAI Malika,Male,Head Coach,C,TGA,Tonga
1961912,FULI Saiasi,Male,Head Coach,C,FIJ,Fiji
1962265,TOPPING James,Male,Head Coach,C,IRL,Ireland
1962452,TEMPLE-JONES Allan,Male,Head Coach,C,IRL,Ireland
1962481,WONG Ka Wing,Male,Coach,C,HKG,"Hong Kong, China"
1963019,MICALE Rogerio,Male,Head Coach,C,EGY,Egypt
1963171,LERGA Javier,Male,Assistant Coach,C,ESP,Spain
1963174,SANCHEZ Carlos,Male,Goalkeeper Coach,C,ESP,Spain
1963175,TOME Montse,Female,Head Coach,C,ESP,Spain
1963555,BAYER Steven,Male,Coach,C,BEL,Belgium
1963556,WHITE Tim,Male,Assistant Coach,C,BEL,Belgium
1963627,LOPEZ ROMERO Victor Hugo,Male,Assistant Coach,C,JPN,Japan
1963628,ORTEGA PEREZ Antonio Carlos,Male,Head Coach,C,JPN,Japan
1964423,ROCHA de REZENDE Bernardo,Male,Head Coach,C,BRA,Brazil
1964448,RIBAS Giuliano,Male,Assistant Coach,C,BRA,Brazil
1964453,LAGES GUIMARAES Jose Roberto,Male,Head Coach,C,BRA,Brazil
1964473,DO REGO BARROS JUNIOR Paulo,Male,Assistant Coach,C,BRA,Brazil
1964481,LEONALDO Roberley Luiz,Male,Assistant Coach,C,BRA,Brazil
1964485,TABACH Ricardo,Male,Assistant Coach,C,BRA,Brazil
1964492,COPPINI FERNANDES Wagner Luiz,Male,Assistant Coach,C,BRA,Brazil
1965161,KEET Marcelle,Female,Assistant Coach,C,RSA,South Africa
1965168,BONNET Giles,Male,Head Coach,C,RSA,South Africa
1965644,GIL Carlos,Male,Coach,C,PAN,Panama
1967242,LAWRENCE Natalie,Female,Assistant Coach,C,NZL,New Zealand
1967254,HERST Jen,Female,Goalkeeper Coach,C,CAN,Canada
1967256,MANDER Jasmine,Female,Assistant Coach,C,CAN,Canada
1967258,PRIESTMAN Bev,Female,Head Coach,C,CAN,Canada
1967262,SPENCE Andy,Male,Assistant Coach,C,CAN,Canada
1967313,PARK Jae,Male,Coach,C,CAN,Canada
1967315,THORNTON Daniel,Male,Coach,C,CAN,Canada
1967332,LIMA Brian,Male,Head Coach,C,SAM,Samoa
1967468,PARADELO David,Male,Head Coach,C,CAN,Canada
1967471,POSTERIVO Stefano,Male,Assistant Coach,C,CAN,Canada
1967472,CAMPBELL Cora,Female,Assistant Coach,C,CAN,Canada
1967642,IGLESIAS Rodrigo,Male,Assistant Coach,C,BRA,Brazil
1967672,ALCANTARA Edson,Male,Goalkeeper Coach,C,BRA,Brazil
1967683,ELIAS Arthur,Male,Head Coach,C,BRA,Brazil
1968210,LALOMILO Faamaoni,Male,Assistant Coach,C,SAM,Samoa
1968247,CIRKOVIC Vedran,Male,Assistant Coach,C,AUS,Australia
1968453,CHERNETSKA Nataliya,Female,Coach,C,GRE,Greece
1968484,KAMMENOU Alexia Anna,Female,Head Coach,C,GRE,Greece
1968489,LEMPESIS Xenofon,Male,Assistant Coach,C,GRE,Greece
1968491,PYRPYRIS Anastasios,Male,Assistant Coach,C,GRE,Greece
1968492,SCHIZAS Anastasios,Male,Assistant Coach,C,GRE,Greece
1968495,VLACHOS Theodoros,Male,Head Coach,C,GRE,Greece
1968531,KANTZOURIS Ilias,Male,Assistant Coach,C,GRE,Greece
1968540,SPANOULIS Vasilis,Male,Coach,C,GRE,Greece
1968567,RAFTIS Dimitrios,Male,Coach,C,GRE,Greece
1968759,JENNINGS Stephen,Male,Coach,C,EOR,EOR
1968802,FJELLSTROM Jens,Male,Assistant Coach,C,AUS,Australia
1968822,ANDREATTA Mel,Female,Assistant Coach,C,AUS,Australia
1968838,GUSTAVSSON Tony,Male,Head Coach,C,AUS,Australia
1968868,van ECK Richard,Male,Assistant Coach,C,NED,Netherlands
1968871,DOUDESIS Eva,Male,Head Coach,C,NED,Netherlands
1968964,MOGHANLOU Bijan,Male,Coach,C,EGY,Egypt
1969275,SICOT David Patrick,Male,Coach,C,LBN,Lebanon
1969357,SEKTIOUI Tarik,Male,Head Coach,C,MAR,Morocco
1969386,HADJI Youssouf,Male,Assistant Coach,C,MAR,Morocco
1969466,BADAWI Ghanem,Male,Coach,C,SYR,Syria
1970225,van der VEEN Jose,Female,Coach,C,NED,Netherlands
1970227,WEVERS Vincent,Male,Coach,C,NED,Netherlands
1970228,den UIJL Kevin,Male,Coach,C,NED,Netherlands
1970229,JACOBS Jeroen,Male,Coach,C,NED,Netherlands
1970235,KLEUSKENS Marcel,Male,Coach,C,NED,Netherlands
1970236,KNIBBELER Daniel,Male,Coach,C,NED,Netherlands
1970237,van MELDERT Dirk Jan,Male,Coach,C,NED,Netherlands
1970317,CLARIJS Ricardo,Male,Assistant Coach,C,NED,Netherlands
1970322,JOHANSSON Per,Male,Head Coach,C,NED,Netherlands
1970733,GOUTSEVA Anastasia,Female,Coach,C,GRE,Greece
1970859,SOKOLOVA Natalia,Female,Coach,C,CYP,Cyprus
1970880,OGEYINGBO Ayodeji,Male,Coach,C,NGR,Nigeria
1970974,DERAEDT Laurent,Male,Goalkeeper Coach,C,MAR,Morocco
1971523,LESZNER Joe,Male,Coach,C,CAN,Canada
1972037,TICHELMAN Thomas,Male,Assistant Coach,C,NED,Netherlands
1972052,van ASS Paul,Male,Head Coach,C,NED,Netherlands
1972055,DELMEE Jeroen,Male,Head Coach,C,NED,Netherlands
1972056,VERBOOM Eric,Male,Assistant Coach,C,NED,Netherlands
1972359,ALIYEVA Kamilla,Female,Coach,C,AZE,Azerbaijan
1972419,VILYAYEVA Yevgeniya,Female,Coach,C,AZE,Azerbaijan
1972423,VASILEVA Siyana,Female,Coach,C,AZE,Azerbaijan
1972426,GULIYEV Kamil,Male,Coach,C,AZE,Azerbaijan
1972427,KARIMLI Akif,Male,Coach,C,AZE,Azerbaijan
1972461,JAUMA CAYUELA Esther,Female,Coach,C,NED,Netherlands
1972652,GIE Cheslyn,Male,Head Coach,C,RSA,South Africa
1972655,NTULI Siphesihle,Male,Assistant Coach,C,RSA,South Africa
1972933,GOMEZ Ibai,Male,Head Coach,C,DOM,Dominican Republic
1972934,RAMOS SANCHEZ Antonio,Male,Coach,C,CIV,Côte d'Ivoire
1972992,AMOREBIETA Fernando,Male,Assistant Coach,C,DOM,Dominican Republic
1973058,BRITEZ Cristhian,Male,Goalkeeper Coach,C,DOM,Dominican Republic
1973138,BALAN Adrian,Male,Coach,C,CAN,Canada
1973147,COWAN Lisa,Female,Coach,C,CAN,Canada
1973162,KIKUCHI David,Male,Coach,C,CAN,Canada
1973180,van HOOF Ed,Male,Coach,C,CAN,Canada
1973374,FALSETTA Ross,Male,Coach,C,GBR,Great Britain
1973377,DENG Ajou,Male,Assistant Coach,C,SSD,South Sudan
1973378,WIGNALL Rachel,Female,Coach,C,GBR,Great Britain
1973524,MEIJER Eric,Male,Assistant Coach,C,NED,Netherlands
1973525,KOSLOWSKI Felix,Male,Head Coach,C,NED,Netherlands
1973532,FERRER CUTINO Gil,Male,Assistant Coach,C,NED,Netherlands
1973576,IVEY Royal,Male,Coach,C,SSD,South Sudan
1973651,KOUDI Mandela,Male,Coach,C,SSD,South Sudan
1973693,CHIEJINE Ann,Female,Assistant Coach,C,NGR,Nigeria
1974021,KULESZA Kasia,Female,Coach,C,CAN,Canada
1974022,MORGAN Kerri,Female,Coach,C,CAN,Canada
1974025,VOLOSHYNA Anna,Female,Coach,C,CAN,Canada
1974026,YAKHNO Yelyzaveta,Female,Coach,C,CAN,Canada
1974386,SAWADOGO Rasmane,Male,Coach,C,BUR,Burkina Faso
1974755,BAUR Steve,Male,Assistant Coach,C,CAN,Canada
1974756,BJORKGREN Nate,Male,Assistant Coach,C,CAN,Canada
1974757,CLARKE Carly,Female,Coach,C,CAN,Canada
1974760,FERNANDEZ Jordi,Male,Coach,C,CAN,Canada
1974766,LAPENA Victor,Male,Coach,C,CAN,Canada
1974769,MITCHELL Nathaniel,Male,Assistant Coach,C,CAN,Canada
1974771,N'DONG Boniface,Male,Coach,C,CAN,Canada
1974772,PAGE Murriel,Female,Coach,C,CAN,Canada
1974773,QUINN Noelle,Female,Assistant Coach,C,CAN,Canada
1975398,DENG Luol,Male,Assistant Coach,C,SSD,South Sudan
1975920,CASTANEDA Allen Aldrin,Male,Coach,C,PHI,Philippines
1975923,HRYBANOV Andrii,Male,Coach,C,ISR,Israel
1975934,GRIFFETH Garrett Stephen,Male,Coach,C,PHI,Philippines
1977071,ABAD EXPOSITO Iker Miquel,Male,Coach,C,IRL,Ireland
1977388,WALDRUM Randy,Male,Head Coach,C,NGR,Nigeria
1977689,DIAWARA Kaba,Male,Head Coach,C,GUI,Guinea
1978161,CAPELLI Claudio,Male,Coach,C,SUI,Switzerland
1978215,GUELZEC Laurent,Male,Coach,C,SUI,Switzerland
1978259,KISTLER Frank,Male,Coach,C,SUI,Switzerland
1978688,MUNOZ BENITEZ Fernando,Male,Head Coach,C,EGY,Egypt
1980774,KIM Myong Hwa,Female,Coach,C,PRK,DPR Korea
1980904,TRAJKOVIC Ivan Konrad,Male,Coach,C,SLO,Slovenia
1980943,PAVLIC Aljaz,Male,Assistant Coach,C,SLO,Slovenia
1980962,MIJATOVIC Branka,Female,Assistant Coach,C,SLO,Slovenia
1980979,ADZIC Dragan,Male,Head Coach,C,SLO,Slovenia
1980981,DROZHANOVA Elena,Female,Coach,C,SLO,Slovenia
1980987,CRETU Gheorghe,Male,Head Coach,C,SLO,Slovenia
1980990,DIVKOVIC Goran,Male,Coach,C,SLO,Slovenia
1981325,ZVIZEJ Luka,Male,Assistant Coach,C,SLO,Slovenia
1981356,de CECCO Matteo,Male,Assistant Coach,C,SLO,Slovenia
1981649,RETELJ Natasa,Female,Coach,C,SLO,Slovenia
1981689,ZORMAN Uros,Male,Head Coach,C,SLO,Slovenia
1981697,KEDACIC Zoran,Male,Assistant Coach,C,SLO,Slovenia
1986732,MUGANGUZI Wani,Male,Assistant Coach,C,NGR,Nigeria
2041085,FITZGERALD David,Male,Coach,C,IRL,Ireland
2476695,BAM Jenna,Female,Head Coach,C,RSA,South Africa
3057892,FALAHATGAR ETMINANI Davoud,Male,Coach,C,BUL,Bulgaria
3430822,PETROVIC Aleksandar,Male,Coach,C,BRA,Brazil
3496078,GORIATCHKINE Ivan,Male,Coach,C,PHI,Philippines
3520243,BASILE Leonardo,Male,Coach,C,EOR,EOR
3528052,VICTOR John,Male,Coach,C,NGR,Nigeria
3538853,DONNELLY Peter,Male,Assistant Coach,C,IRL,Ireland
3539442,CARSON Luke,Male,Coach,C,IRL,Ireland
3544158,GORBACHEV Stepan,Male,Coach,C,UKR,Ukraine
3545804,MARAJAN Sabit,Male,Coach,C,SSD,South Sudan
3546458,DIAWARA Fousseni,Male,Assistant Coach,C,GUI,Guinea
3546645,CAUKAUNIVALU Setefano,Male,Assistant Coach,C,FIJ,Fiji
3561918,GRANDES Pablo,Male,Assistant Coach,C,IRQ,Iraq
4043244,FONG Lerissa,Female,Head Coach,C,SAM,Samoa
4043245,POMARE Sapani,Male,Head Coach,C,SAM,Samoa
4043246,FAALUPEGA Avii,Female,Head Coach,C,SAM,Samoa
4044836,DAVID EP CHIRILCENCO Georgeta,Female,Coach,C,ALG,Algeria
4119109,ELZEFTAWEY Tarek,Male,Assistant Coach,C,EGY,Egypt
4645809,GAARENSTROOM Jordan Jon,Male,Coach,C,SYR,Syria
4646497,PROST KOSIR Primoz,Male,Assistant Coach,C,SLO,Slovenia
4649776,TRAORE Alioune,Male,Coach,C,MLI,Mali
4653058,COCCIA Kristina,Female,Coach,C,HAI,Haiti
4653997,KAMKASOUMPHOU Ekvara,Male,Coach,C,MLI,Mali
4658462,KHAJAVI Naeima,Male,Coach,C,EGY,Egypt
4847471,LAWSON Franck,Male,Coach,C,BUR,Burkina Faso
4968759,Mc DONALD Janelle Leigh,Female,Coach,C,PHI,Philippines
4968917,QUESNEL Yannick,Male,Goalkeeper Coach,C,GUI,Guinea
4976780,TANSKANEN Juha Petteri,Male,Coach,C,SYR,Syria
5016082,CHOUBA Jaouad,Female,Coach,C,GBS,Guinea-Bissau
9230002,HERDEIRO Alvaro Francisco,Male,Assistant Coach,C,BRA,Brazil
9230003,MAROJA Gabriel Augusto,Male,Assistant Coach,C,BRA,Brazil
9230006,ALONSO BERNARDO Jessica,Female,Assistant Coach,C,ESP,Spain
9230010,LARSSON Thomas Erik Daniel,Male,Assistant Coach,C,NED,Netherlands
9230012,CAROU Gonzalo,Male,Assistant Coach,C,ARG,Argentina
9230013,CAZON Guillermo,Male,Assistant Coach,C,ARG,Argentina
9230017,CAAMANO Juan,Male,Assistant Coach,C,ESP,Spain
9230018,TORRESCUSA Ignacio,Male,Assistant Coach,C,ESP,Spain
9230020,GJERDE Joar,Male,Assistant Coach,C,NOR,Norway
9390001,BONDAR Vladyslav,Male,Coach,C,BUR,Burkina Faso
9430008,CICHELLO Juan Manuel,Male,Assistant Coach,C,ITA,Italy
9450042,VASSILIADES Emmanuel,Male,Assistant Coach,C,GRE,Greece
